name,bartenderId,State of Residence,Work Hours,
Mary Wong,0463983126,KS,4PM--12PM,
Margaret Shelton,4209311128,ME,2PM--5PM,
Cody Harrington,9645339031,ME,2PM--5PM,
Clarence Ramos,8887180467,UT,1PM--4PM,
Victor Castro,6982392586,UT,2PM--12PM,
Ricky Castillo,0942455276,HI,4PM--11PM,
Derek Wilkins,7691187008,NH,3PM--8PM,
Bruce George,7330278878,NC,1PM--9PM,
Edwin Copeland,7229872562,AR,2PM--11PM,
Belle Terry,0353545435,AL,3PM--10PM,
Leona Fernandez,3952340818,AL,4PM--11PM,
Alex Atkins,6567265727,HI,3PM--8PM,
Brian Greer,6523106217,LA,3PM--5PM,
Jean Potter,7519270275,LA,2PM--7PM,
Madge Rios,2970216231,TN,3PM--6PM,
Millie Barker,3077439397,OK,2PM--7PM,
Isabel Sullivan,2201610026,MA,4PM--12PM,
Lydia Allison,4324374859,SC,2PM--13PM,
Emma Roy,8687016697,LA,4PM--5PM,
Troy Turner,8751619214,TN,4PM--6PM,
Clyde Craig,6740395714,WY,2PM--11PM,
Patrick Holt,6360925548,WI,3PM--5PM,
Estelle Lowe,0782264241,VA,1PM--12PM,
Landon Francis,7740645363,DE,3PM--13PM,
Katharine Wood,3848975717,MN,3PM--4PM,
Ivan Allen,7078813025,NE,2PM--6PM,
Glen Gregory,3342957838,UT,2PM--4PM,
Nora Ferguson,6634894511,FL,3PM--10PM,
Marie Lindsey,4703035587,MN,3PM--6PM,
Corey McKenzie,2737425503,ME,3PM--7PM,
Mitchell Valdez,2012616417,DC,2PM--13PM,
Mable Lindsey,7761683384,DE,1PM--12PM,
Nathaniel Chandler,6845406902,AZ,1PM--8PM,
Vera Bell,1954336691,AR,3PM--7PM,
Eddie Vasquez,3957064333,MS,2PM--7PM,
Frederick West,2825249219,MT,1PM--13PM,
Earl Gomez,4553468848,AZ,1PM--12PM,
Russell Wood,3956856274,MI,1PM--12PM,
Isabelle Nelson,2813605221,GA,4PM--10PM,
Dora Coleman,2370221807,KS,3PM--4PM,
Troy Keller,9546947362,NV,3PM--4PM,
Miguel Wilkins,2709978548,WY,2PM--12PM,
Bruce Sanders,3787344484,WV,2PM--10PM,
Evelyn Barnes,4704045929,MD,3PM--8PM,
Todd Andrews,6558855525,CO,4PM--11PM,
Scott Walsh,7826488518,CO,4PM--6PM,
Ida Hodges,1320157735,CA,3PM--11PM,
Ryan Copeland,5928681897,NY,2PM--11PM,
Lewis Hanson,8424501210,NC,3PM--10PM,
Jesse Harper,4815083300,WI,4PM--12PM,
Harriett Swanson,4721492459,AL,3PM--11PM,
Bruce Matthews,3346759652,WI,2PM--6PM,
Cameron Ballard,6157511409,CO,4PM--11PM,
Jonathan Olson,1826040046,CT,1PM--12PM,
Rosalie Morris,6784719742,UT,1PM--4PM,
Darrell Hammond,3632795028,VA,4PM--13PM,
Nelle Frank,2212662216,NC,2PM--12PM,
Bessie Ward,6573075726,MA,1PM--13PM,
Madge Ward,4269915824,ND,4PM--6PM,
Bettie Green,5983093586,MS,2PM--7PM,
Ralph Lane,0793255065,MA,2PM--8PM,
Laura Bass,7917592084,ME,2PM--4PM,
Nathan Rodgers,6091928147,AR,3PM--10PM,
Victor Klein,3615562136,AR,3PM--8PM,
Effie Nelson,3738460597,ME,2PM--5PM,
Clyde Hamilton,0631705669,DE,2PM--5PM,
Cora Terry,0080205352,DC,3PM--8PM,
Bess Mendez,6440207579,NE,1PM--6PM,
Hannah Cohen,5321653128,PA,1PM--10PM,
Anne Burns,1948481072,PA,3PM--5PM,
Estelle Greer,2021425129,AK,4PM--8PM,
Emily Caldwell,2475333800,TN,2PM--8PM,
Clarence Tyler,5822410171,HI,4PM--12PM,
Augusta Stevens,1779297286,ND,4PM--8PM,
Mitchell Stevens,3041950001,NY,2PM--8PM,
Eula Ramsey,1267471680,VT,3PM--4PM,
Kevin Goodwin,3050248181,NH,3PM--8PM,
Tom Doyle,9565089828,HI,3PM--11PM,
Abbie Price,3590643979,GA,3PM--11PM,
Anthony Gardner,7510650414,TN,3PM--11PM,
Estelle Chapman,9008890854,MD,1PM--10PM,
Bertie Gardner,6344096946,FL,4PM--7PM,
Justin Newton,1680406111,MO,3PM--10PM,
Madge Holland,7478653803,IL,4PM--4PM,
Christopher Briggs,5534667087,AL,4PM--7PM,
Jean Rios,0246076945,VT,3PM--8PM,
Douglas Craig,6514581169,MS,1PM--11PM,
Cody Valdez,7953076726,AL,1PM--13PM,
Barry Myers,9227363833,MO,2PM--10PM,
Ivan Rios,5583893641,NY,2PM--6PM,
James Paul,7315713078,KS,3PM--13PM,
Hulda Reese,8010933220,NV,2PM--9PM,
Cynthia Collier,2447601578,NV,2PM--6PM,
Flora Owen,6229571842,MI,1PM--9PM,
Ollie Banks,7233882451,MA,2PM--6PM,
Lucile Parker,7430134339,OK,2PM--9PM,
Bernard Carter,8299632793,AL,4PM--6PM,
Etta West,3997030922,UT,4PM--5PM,
Betty Johnston,0557273900,LA,2PM--13PM,
Harold Jackson,8470663186,CA,2PM--6PM,
Stanley Douglas,0585487308,WI,3PM--7PM,
Herman Becker,9851119720,MT,2PM--7PM,
Nora Austin,7665794407,WY,4PM--10PM,
Lou Powers,9790384424,WV,3PM--8PM,
Miguel Wilkins,6770058128,TN,4PM--11PM,
Linnie Coleman,1727763714,LA,1PM--6PM,
Bryan Gill,4665991588,DE,4PM--8PM,
Edna Cunningham,7016011370,CT,3PM--11PM,
Lena Hunter,0014165442,NH,2PM--8PM,
Sophia Bishop,7542167176,AR,1PM--8PM,
Roxie Black,8507248140,LA,2PM--5PM,
Steven Fletcher,9314390835,CO,1PM--11PM,
Maggie Leonard,9856841152,DE,1PM--9PM,
Dale Hansen,7378585678,ND,3PM--6PM,
Stella Mills,8239427134,IL,4PM--11PM,
Trevor Malone,0532948269,VA,1PM--11PM,
Alice Jimenez,3962720441,UT,3PM--6PM,
Mina Harris,2345224191,AZ,3PM--12PM,
Phillip Morton,8605490539,DC,4PM--4PM,
Mae Ford,4759680259,MD,2PM--7PM,
Allie Harvey,2027826614,NE,4PM--5PM,
Benjamin Holland,8366700712,LA,2PM--8PM,
Madge Houston,8605490539,KS,2PM--9PM,
Andre Hawkins,6684864951,NE,3PM--9PM,
Miguel Wilkins,0399245032,NY,2PM--4PM,
Gussie Mathis,7893806468,ME,3PM--12PM,
Jennie Figueroa,0036018974,OR,4PM--5PM,
Samuel Myers,6782925290,CO,2PM--7PM,
Belle Paul,6942086859,OK,3PM--5PM,
Pauline Gutierrez,0188049153,ME,2PM--8PM,
Olivia Morales,1538034138,MA,1PM--8PM,
Willie Valdez,7721389390,MA,2PM--5PM,
Amanda Warner,0694120914,NE,1PM--4PM,
Tillie Harrison,2746972459,CA,2PM--11PM,
Jennie Howard,4105150508,CO,1PM--7PM,
Sara Rodgers,0518869218,FL,2PM--7PM,
Bernice Medina,1611021434,WV,1PM--7PM,
Essie Gibbs,3200804953,UT,2PM--9PM,
Olga Walters,5455904584,GA,1PM--12PM,
Zachary Copeland,9339337903,PA,3PM--12PM,
John Haynes,5045009718,CO,4PM--7PM,
Angel Barrett,6457520328,NE,3PM--11PM,
Sophie Day,4387106015,HI,2PM--12PM,
Myrtie Zimmerman,4254865309,GA,3PM--9PM,
Tom Sanchez,3995305323,TN,2PM--7PM,
Jose Perry,2349007416,FL,4PM--11PM,
Edith Ball,3040233416,IL,3PM--10PM,
Rosetta Howell,5534667087,MA,4PM--7PM,
Ian McLaughlin,2529824094,MS,1PM--4PM,
Hannah Foster,0395023366,NY,1PM--11PM,
Marian Reed,9840939358,GA,3PM--9PM,
Nannie Hayes,6263317247,LA,2PM--10PM,
Ethan Poole,8056902486,WV,3PM--8PM,
Wayne Kelley,8772411340,IA,4PM--11PM,
Birdie Hawkins,7972333723,VT,1PM--11PM,
Myrtie Chambers,5344571467,LA,2PM--6PM,
Kenneth Flores,1870915157,WV,1PM--6PM,
Essie Sutton,3992245694,FL,2PM--4PM,
Kevin Barker,9242033190,KS,2PM--11PM,
Lee Watkins,5822983132,NH,3PM--13PM,
Alvin Adkins,4328988523,WI,2PM--13PM,
Madge Daniels,0852234683,MN,3PM--8PM,
Jayden Frazier,6276724566,NH,3PM--5PM,
Martha Barker,8385837787,NE,4PM--9PM,
Edna Huff,5062337014,NY,3PM--5PM,
Fannie Fleming,4328988523,SD,2PM--10PM,
Johnny Gomez,4297680233,MD,2PM--6PM,
Franklin Townsend,2984168273,FL,4PM--4PM,
Nina Burke,9379970750,CO,4PM--10PM,
Marcus Craig,8522558422,NY,1PM--6PM,
Zachary Holt,1372293068,TN,2PM--9PM,
Josie Cruz,3334337252,CT,2PM--7PM,
Beatrice Weaver,4622741389,MO,3PM--9PM,
Todd Hill,2225976917,NE,3PM--10PM,
Blake Ramsey,4334101608,IN,3PM--10PM,
Timothy Olson,4665991588,WI,4PM--5PM,
Ricky Pratt,6437299963,TN,2PM--5PM,
Phoebe Welch,2906366911,WV,4PM--10PM,
Cordelia Massey,2985702042,KS,4PM--8PM,
Angel McGee,9085209480,CT,4PM--10PM,
Essie Gibbs,6056881569,SC,4PM--7PM,
Ida Hansen,9127523561,AZ,1PM--12PM,
Verna Todd,5232812895,IA,4PM--12PM,
Hallie Fletcher,1783109118,DC,3PM--10PM,
Emma Brock,9721928062,DC,2PM--10PM,
Estella Wagner,2507117632,SC,2PM--12PM,
Jacob Reese,7554412121,NE,3PM--9PM,
Micheal Davis,2889114149,DE,4PM--6PM,
Christopher Lawson,2012616417,CO,1PM--8PM,
Bettie Reid,8489540801,IA,2PM--12PM,
Pearl Quinn,1224297571,RI,2PM--12PM,
Vera Stewart,8000166999,ME,1PM--6PM,
Claudia Buchanan,2366008319,OR,3PM--7PM,
Gordon Cunningham,4270692360,WV,1PM--10PM,
Isabella Ramirez,0477647386,AZ,3PM--8PM,
Stella Beck,7254306610,GA,1PM--9PM,
Lee Reed,3081209846,AZ,2PM--5PM,
Ellen Baker,3661642450,AK,3PM--11PM,
Mitchell Perkins,6464418048,SD,2PM--11PM,
Isabel Marshall,0793595103,GA,3PM--11PM,
Bernard Miles,2781614696,WV,3PM--6PM,
Jeff Simmons,9545291538,DC,2PM--6PM,
Stanley Pope,3544994565,KS,4PM--5PM,
Floyd Jensen,3481866578,NE,3PM--5PM,
Henrietta Roberts,0771342831,HI,2PM--6PM,
Warren Strickland,8478341311,IL,2PM--5PM,
Michael Henry,0170700336,VT,2PM--10PM,
Wesley Perkins,8385262068,AR,4PM--6PM,
Rodney Jacobs,3701454666,PA,2PM--6PM,
Brent Anderson,6517839973,CO,3PM--8PM,
Chester Baldwin,0789258990,MO,3PM--7PM,
Howard Webb,0784091388,AZ,4PM--5PM,
Albert Garza,9843631898,NV,2PM--8PM,
Anne Garrett,3572443887,UT,3PM--7PM,
Callie Alexander,8023730572,HI,4PM--7PM,
Antonio Hale,3989372233,CO,3PM--8PM,
Rena Fernandez,3563344152,IL,4PM--4PM,
Randy Stanley,8703728976,NE,3PM--5PM,
Bernard Webb,1270758661,GA,4PM--8PM,
Celia Hall,5248753688,CT,3PM--11PM,
Helena Carroll,2181565016,FL,2PM--4PM,
Janie Bryan,4345439637,IA,3PM--5PM,
Christian Saunders,9262935483,AL,3PM--9PM,
Flora Ray,7650267558,AR,2PM--10PM,
Thomas Simmons,3317156518,MO,2PM--9PM,
Ricardo Powers,1940294463,IA,2PM--9PM,
Minnie Reid,3249662489,ME,3PM--10PM,
Mabelle Newman,2505232477,MS,2PM--7PM,
Edna Norton,2059543000,PA,3PM--8PM,
Warren Wheeler,7928087851,MO,4PM--9PM,
Adam Higgins,5079094105,DE,3PM--9PM,
May Vaughn,4147569454,TN,1PM--12PM,
Celia Bell,5965206344,AL,3PM--11PM,
Iva Cobb,6122947804,KS,2PM--9PM,
Lena Parks,4273923720,GA,3PM--10PM,
Mason Romero,5492633900,TN,3PM--6PM,
Gordon Flowers,5369293621,KS,1PM--11PM,
Josephine Pope,7436982696,IN,3PM--8PM,
Dale Foster,8771933381,SD,4PM--12PM,
Bess Morales,9709992907,IN,4PM--9PM,
Christina Phelps,5549655841,CO,4PM--11PM,
Fanny Armstrong,9050120551,WV,4PM--12PM,
Anne Stewart,7979359571,MO,3PM--12PM,
Alta Jimenez,1934363548,NC,3PM--9PM,
Ann Morales,3073387762,GA,1PM--10PM,
Dennis Davis,6419179686,OR,1PM--11PM,
Gavin Gonzalez,9945109007,LA,1PM--9PM,
Ola Wright,6263882113,CO,3PM--8PM,
Jonathan Bennett,3830605847,IA,2PM--12PM,
Ricky Ross,2366364504,NH,4PM--5PM,
Olivia Phillips,8684175765,AL,2PM--12PM,
Annie Lambert,3962032755,HI,3PM--8PM,
Joshua Baldwin,6697041549,AR,2PM--4PM,
Lydia Mullins,2538293285,NC,3PM--12PM,
Alta Cain,7442136684,AL,3PM--5PM,
Vernon Campbell,0331058863,AK,2PM--5PM,
Francis Chandler,7601973574,CO,3PM--12PM,
Caleb Hale,0956366748,FL,1PM--6PM,
Olga Ramsey,6540963417,SD,2PM--9PM,
Marie Kelly,2297632625,CT,3PM--6PM,
Manuel Fuller,9812469268,UT,4PM--11PM,
Johnny Ortiz,5892142383,UT,2PM--11PM,
Elnora Barnes,1498242274,MA,3PM--6PM,
Sam Rose,3192969298,PA,2PM--9PM,
Bryan Padilla,5695534832,FL,3PM--13PM,
Angel Hughes,7602210920,UT,2PM--13PM,
Nora Ferguson,2756242749,FL,4PM--8PM,
Harriet Caldwell,3124536591,WY,1PM--12PM,
Sadie Doyle,1261207703,IL,2PM--5PM,
Ethel Peterson,2607739618,AR,3PM--5PM,
Gregory Sutton,6505961157,PA,4PM--7PM,
Eleanor Stephens,6451368160,DE,2PM--10PM,
Bertie Vargas,8522181754,KS,4PM--11PM,
Glen Jensen,8680656579,HI,2PM--10PM,
Brent Norton,3137169992,UT,2PM--12PM,
Luella Herrera,4271383474,CO,4PM--7PM,
Earl Garner,3941997747,MA,2PM--13PM,
Kenneth Chambers,7515004789,OR,3PM--13PM,
Josephine Salazar,6108322928,CT,3PM--9PM,
Bessie Jimenez,2801591902,IA,1PM--10PM,
Lenora Peterson,3355789897,LA,2PM--5PM,
Elva Love,4103120118,LA,3PM--8PM,
Howard Williams,4326763764,MI,3PM--6PM,
Willie McKenzie,7972333723,KS,3PM--8PM,
Nathan Lucas,2763166847,MS,2PM--4PM,
Max Lindsey,2296771229,NE,2PM--7PM,
Tillie Marsh,1629482317,MN,3PM--10PM,
Timothy McGee,7320121919,NY,2PM--11PM,
Georgia Osborne,7276588071,HI,4PM--5PM,
Mollie Green,1456478212,AL,3PM--11PM,
Richard Dawson,0273447639,MO,2PM--7PM,
Lucile Maxwell,4258059275,HI,1PM--8PM,
Isaiah Tate,8017396686,FL,4PM--11PM,
Lettie Hoffman,7751446337,ME,4PM--10PM,
Nathaniel Bass,3075031143,MI,4PM--9PM,
Catherine Clark,8684175765,TN,4PM--11PM,
Sophie Day,0048982848,ME,1PM--7PM,
Harold Watkins,2237659360,WV,1PM--9PM,
Estelle Griffith,5715782372,AZ,2PM--9PM,
Floyd Jensen,4250150321,CA,2PM--6PM,
Genevieve Wood,6868223921,RI,1PM--10PM,
Susan Phelps,8887179574,NY,3PM--4PM,
Flora Cohen,7321889706,AR,2PM--11PM,
Frank Stanley,5867541097,AZ,3PM--4PM,
Lillian Taylor,5580674091,CO,4PM--10PM,
Gregory Woods,3267141415,CA,4PM--13PM,
Hannah Fields,6689699550,TN,3PM--6PM,
Rodney Steele,0037546939,CO,2PM--12PM,
Bradley Adams,0806889329,NC,1PM--6PM,
Maggie Rhodes,1607889421,DE,3PM--4PM,
Randall Fuller,4766570180,TN,3PM--11PM,
Tyler Kelly,5080109115,AL,1PM--8PM,
Georgia Hudson,6443129166,ND,3PM--13PM,
Adeline Cook,0550224626,TN,4PM--11PM,
Johnny Salazar,3429783156,MA,3PM--6PM,
Louis Hamilton,3499090799,WV,3PM--10PM,
Georgie Hanson,2310007963,CA,3PM--5PM,
Nathan Herrera,4110890429,HI,1PM--12PM,
Austin Wheeler,3881369657,CO,3PM--8PM,
Raymond Summers,3178164862,AK,3PM--8PM,
Ryan Cain,5886459165,CA,3PM--9PM,
Barbara Perry,6688358572,AZ,2PM--10PM,
Loretta Vargas,1255999552,AR,1PM--6PM,
Joe Arnold,9174936081,SC,4PM--6PM,
Nathaniel Lowe,5877349021,MT,3PM--8PM,
Callie Gonzalez,7975858563,HI,2PM--13PM,
Don Banks,1799205566,MA,4PM--4PM,
Dale McKenzie,5213424871,UT,2PM--6PM,
Winifred Vasquez,6017349724,MI,2PM--6PM,
Mitchell Nichols,1647236119,NH,1PM--7PM,
Carrie Sparks,2632682402,CO,4PM--4PM,
Sadie Beck,9811305762,CO,1PM--12PM,
Stella Walters,1306859011,CT,3PM--8PM,
Josephine Pope,4157077429,GA,1PM--10PM,
Mamie Berry,5215756405,IL,2PM--12PM,
Nancy Turner,1077180347,DE,4PM--5PM,
Effie Gibson,3026006884,SD,4PM--13PM,
Bobby Sims,0458533506,AK,1PM--10PM,
Maude Rowe,4148602007,HI,4PM--8PM,
Ina Pierce,1328702344,MO,2PM--11PM,
Floyd Caldwell,2472673071,NE,3PM--6PM,
Hester Casey,4413662638,AK,2PM--6PM,
Jim Graves,5926368235,KS,2PM--9PM,
Theodore Olson,5977364109,MO,2PM--8PM,
Emma Brock,0032795194,AZ,3PM--11PM,
Gussie Cortez,0557273900,MO,3PM--10PM,
Bertie Vargas,9022340799,NY,3PM--9PM,
Devin Bennett,7025279136,FL,3PM--7PM,
Glenn Ellis,0337917236,AL,2PM--11PM,
Lois Blair,4392925287,NC,1PM--7PM,
Rosetta Sandoval,7808949929,LA,4PM--9PM,
Iva Fox,7680092127,CO,4PM--6PM,
Cory Young,9274335753,FL,3PM--7PM,
Gussie Burgess,4160695422,MI,1PM--12PM,
Cora Singleton,9170368097,SD,2PM--8PM,
Jay Stewart,6464418048,MA,3PM--9PM,
Charlie Blake,5266464997,TN,4PM--8PM,
Stephen Gordon,3942938156,HI,4PM--10PM,
Austin Day,2426960467,HI,3PM--12PM,
Lois Collins,1860884517,GA,1PM--12PM,
Helen Love,1866198126,RI,2PM--6PM,
Lucille Morgan,6913021766,MT,3PM--11PM,
Delia Webb,6228868286,AK,3PM--11PM,
Todd Simon,9242033190,NC,1PM--10PM,
Lina Mack,7992662601,CO,2PM--11PM,
Stephen Cannon,7011514498,CO,3PM--8PM,
Cecilia Foster,9116323569,KS,2PM--8PM,
Wayne Foster,3510589252,SC,4PM--12PM,
Ella Adkins,7651179878,NY,3PM--5PM,
Billy Park,9745705475,MO,2PM--13PM,
Eva Brock,2335583311,MS,4PM--9PM,
Thomas Ward,7454517925,ME,1PM--8PM,
Verna Stewart,5655249216,IN,4PM--5PM,
George Dennis,4094042991,AK,3PM--9PM,
Marion Foster,0159349805,AL,2PM--7PM,
Mathilda Waters,3251887167,CT,2PM--6PM,
Raymond Mullins,9224769496,FL,3PM--5PM,
Albert Lambert,4483791236,FL,3PM--8PM,
Lou Neal,4300648179,MD,3PM--5PM,
Louise Blake,2996882715,DE,4PM--8PM,
Jared Luna,1867775474,TN,1PM--10PM,
Nathaniel Williams,6692251212,AK,2PM--5PM,
Robert Davidson,1035856533,KS,3PM--6PM,
Isabella Morton,4488423419,NC,2PM--12PM,
Mabelle Cooper,4095202358,AR,3PM--6PM,
Lenora Peterson,7064705433,IL,1PM--9PM,
Norman Reese,4583655981,HI,3PM--5PM,
Lily Rivera,6104256701,RI,3PM--8PM,
Ruby Nelson,9186077697,CT,2PM--10PM,
Eliza Gilbert,8420172970,OK,3PM--4PM,
Gilbert Watson,4845956745,WI,3PM--8PM,
Thomas Tran,0382950026,IL,3PM--7PM,
Mitchell Nichols,2921957469,MO,3PM--12PM,
Sophia Bishop,6233370855,NC,2PM--8PM,
Lillian McKinney,1085091446,TN,4PM--12PM,
Belle Chambers,3388812789,ME,3PM--11PM,
Elva Hudson,8902974517,WV,2PM--13PM,
Patrick Pittman,5238651231,WY,2PM--11PM,
Claudia Lynch,7502226600,CT,2PM--4PM,
Henry Cunningham,9886953151,CO,1PM--7PM,
Eugene Torres,9276622326,NC,1PM--6PM,
Bradley Rodriguez,7283744167,CO,3PM--8PM,
Alice Fuller,8282426886,WI,2PM--6PM,
Sophia Moss,5228487233,UT,4PM--11PM,
Eugenia Hodges,4281431559,TN,4PM--4PM,
Harold Blake,5131159602,NC,3PM--4PM,
Ophelia Roberson,4383013158,IL,1PM--8PM,
Jay Stewart,2848375835,MA,2PM--8PM,
Ola Brock,8994499152,MN,3PM--4PM,
Eugene Pittman,0882836759,HI,2PM--12PM,
Brett Matthews,6102540241,NV,4PM--10PM,
Clyde Baldwin,5675326703,TN,1PM--5PM,
Jean Andrews,6086439645,MO,2PM--5PM,
Ada Carter,7852512103,NH,4PM--13PM,
Wayne Anderson,5610394929,MD,1PM--12PM,
Dorothy Burns,6466914397,MO,2PM--12PM,
Phoebe Osborne,9143180239,MS,3PM--7PM,
Maud Williams,1722632902,AL,3PM--7PM,
Lizzie Hoffman,3178164862,UT,2PM--9PM,
Katharine Ellis,6827412149,DC,3PM--5PM,
Christina Barber,9022340799,MT,2PM--10PM,
Flora Cohen,5054662529,OR,4PM--5PM,
Fanny Armstrong,0232680532,AR,3PM--7PM,
Micheal Davis,9202048777,MO,1PM--12PM,
Celia Hall,1909868947,RI,2PM--12PM,
Luke Riley,7717436352,ME,2PM--8PM,
Bryan Moran,3573118440,NE,1PM--9PM,
Corey Hines,8630693785,WV,1PM--5PM,
Willie Morales,9413864023,NY,4PM--4PM,
Genevieve Robbins,7329022722,AK,4PM--4PM,
Luke Welch,1342493076,TN,1PM--8PM,
Alta Brewer,7295517396,NH,4PM--12PM,
Barbara Jones,3999825166,HI,3PM--9PM,
Ricky Castillo,1602176286,MO,1PM--6PM,
Birdie Rose,7173797958,WY,1PM--5PM,
Clarence Paul,7011514498,OR,3PM--4PM,
Theodore Morgan,8176722047,IN,3PM--7PM,
Nicholas Manning,5374293419,AK,3PM--5PM,
Mildred Gill,9490148953,LA,2PM--7PM,
Warren Perez,1774113919,DC,3PM--6PM,
Angel Drake,7556839582,ME,4PM--7PM,
Loretta Higgins,5936446529,CT,3PM--6PM,
Barbara Lane,8851647060,MN,4PM--11PM,
Louis Patrick,9987681233,NH,3PM--10PM,
Mittie Sparks,6229571842,HI,4PM--5PM,
Maria Pena,2502617613,AZ,3PM--7PM,
Travis Gomez,4028576968,MD,3PM--7PM,
Jesse Chambers,3136439373,IA,1PM--8PM,
Herbert Sandoval,4965881181,IL,2PM--6PM,
Delia Garner,4845956745,ME,2PM--9PM,
Clarence Tyler,7710275798,WI,2PM--11PM,
Jorge Carroll,7161708967,NY,2PM--7PM,
Maggie Swanson,9596301410,CT,1PM--6PM,
Miguel Guzman,1486955374,MO,4PM--11PM,
Josie McCoy,5451299827,ME,2PM--6PM,
Corey Hardy,3355990381,NY,3PM--9PM,
Martin Wood,4957967663,CO,4PM--8PM,
Ola Wright,1932746947,WY,2PM--4PM,
Don Matthews,5689375600,SD,3PM--13PM,
Verna Todd,6975380194,MO,3PM--5PM,
Gerald Strickland,7338096799,CO,1PM--4PM,
Shane Hopkins,6253500799,NC,4PM--11PM,
Sophie Wise,5886443257,NY,2PM--10PM,
Ada Carter,7924640543,FL,2PM--4PM,
Lois Simon,3404948813,HI,2PM--7PM,
Nell Long,4715065260,NE,4PM--4PM,
Timothy Cortez,3699989848,MO,4PM--4PM,
Lena Flowers,7159038042,KS,3PM--7PM,
Eric Barnett,3819728010,WV,2PM--7PM,
Terry Reese,5245805605,MO,2PM--11PM,
Derrick Knight,0447612452,TN,1PM--10PM,
Edwin Payne,9780684147,ME,2PM--7PM,
Ricardo Hoffman,7717436352,UT,1PM--12PM,
Hallie Fletcher,4822163553,AZ,3PM--11PM,
Eula Knight,7462987227,FL,2PM--11PM,
Alex Brown,4766570180,SC,3PM--9PM,
Corey Lynch,1318072976,CT,2PM--6PM,
Nelle Ortega,3607478483,CO,2PM--10PM,
Derek Floyd,5351112724,MA,2PM--11PM,
Norman Reeves,3157398682,SD,3PM--5PM,
Charles Tucker,9336099010,KS,3PM--11PM,
Mamie May,0096088263,HI,3PM--10PM,
Lura Nunez,8054397671,MA,2PM--11PM,
Charlotte Riley,2045484856,MO,3PM--13PM,
Lottie Singleton,8073413375,IN,2PM--6PM,
Nelle Bennett,5892154122,NC,1PM--7PM,
Bradley Valdez,3403812634,AZ,4PM--7PM,
Jack Harris,6777638651,MT,4PM--8PM,
Dorothy Collier,9136361463,CA,3PM--7PM,
Norman Johnston,7953519909,IA,1PM--11PM,
Hettie Hansen,6888639138,CT,2PM--7PM,
Chester Harmon,3533416600,NH,4PM--6PM,
Isabel Duncan,3612123874,CO,4PM--6PM,
Theodore Welch,4803238659,DC,4PM--6PM,
Essie Paul,3898385951,KS,3PM--5PM,
Maud Schultz,7391034991,NH,4PM--8PM,
Polly May,0137970759,MA,2PM--11PM,
Sean Dean,0891325469,WI,2PM--9PM,
Charles Alexander,4722360624,LA,1PM--8PM,
Essie Gibbs,1748365024,WV,3PM--6PM,
Edgar McKenzie,6419179686,MA,2PM--10PM,
Rosalie Sims,5897952652,MA,3PM--12PM,
Jeff Todd,4350339516,LA,2PM--10PM,
Ophelia Page,4120097869,MN,2PM--7PM,
Joel Soto,8310595489,SC,3PM--5PM,
Randall Ingram,2812251758,CT,4PM--11PM,
George Lane,5840014111,AZ,3PM--11PM,
Mabel Anderson,0017851172,NY,4PM--11PM,
Francis Harrison,3456767799,NV,1PM--6PM,
Christina Carlson,7308217084,MT,1PM--10PM,
Warren Clayton,0257589419,IL,2PM--12PM,
Ann Newman,3974498099,HI,3PM--6PM,
Lottie Gonzalez,7039829186,GA,4PM--10PM,
Darrell Turner,5325945631,UT,2PM--10PM,
Glen Vasquez,4583655981,MD,2PM--13PM,
Ernest Clarke,5610106585,CT,3PM--6PM,
Winifred Salazar,8331062221,TN,2PM--7PM,
Alice Terry,5317296679,ME,1PM--6PM,
Ronald Perez,8789113490,RI,4PM--5PM,
Blake Ramsey,6748819359,AK,3PM--12PM,
Travis Moody,1191927044,MA,3PM--7PM,
Harry French,3026006884,AZ,2PM--4PM,
Walter Becker,8658511586,UT,3PM--10PM,
Jeanette Gregory,3485056079,KS,2PM--8PM,
Rose Wilson,2397264501,NH,1PM--11PM,
Luis Phelps,4444576151,OR,4PM--13PM,
James Knight,4050654581,MA,1PM--6PM,
Fanny Meyer,4662369867,OR,1PM--11PM,
Ralph Fields,3918439170,NE,3PM--7PM,
Jessie Shaw,8431279513,WV,4PM--10PM,
Ricardo Marshall,5915816815,MO,2PM--10PM,
Connor Sims,6191189016,CT,3PM--9PM,
Fannie Rhodes,5549313805,MA,2PM--12PM,
Luke Webb,0385541652,NY,2PM--13PM,
Leroy Gutierrez,9648746031,SD,1PM--10PM,
Derrick Silva,6827819309,MO,2PM--12PM,
Luke Riley,1285217537,FL,1PM--11PM,
Ivan Allen,1520874346,MD,2PM--11PM,
Jeffrey Sanders,4452330831,MT,3PM--7PM,
Carrie Gregory,3584761771,CO,1PM--5PM,
Katharine Floyd,7946309017,AL,3PM--13PM,
Bessie Stephens,9935023364,WI,2PM--6PM,
Mina Strickland,1855903966,WY,2PM--7PM,
Charlie Sanders,8975395321,IL,1PM--10PM,
Christian Saunders,6108322928,MA,4PM--7PM,
Rosetta McGuire,5245160915,UT,3PM--6PM,
Mittie Manning,2275613879,LA,3PM--11PM,
Fred Dixon,7501814595,KS,3PM--10PM,
Eva Brock,7102631778,UT,2PM--6PM,
Lettie Lindsey,7805039064,AL,1PM--11PM,
Etta Mitchell,8478341311,ND,1PM--6PM,
Gregory Arnold,2131805206,MS,3PM--8PM,
Henrietta Wilkerson,6524932054,CA,2PM--12PM,
Adeline Rios,5885652269,ND,2PM--4PM,
Philip Fox,2027826614,GA,2PM--12PM,
Louisa Zimmerman,8279971309,NY,4PM--12PM,
Jorge Morton,6980885643,VA,4PM--10PM,
Frank Vaughn,7294698606,MT,4PM--5PM,
Clyde Curry,6682257970,AL,2PM--11PM,
Kathryn Warner,8467446549,ND,4PM--9PM,
Clarence Collier,4662369867,DE,2PM--8PM,
Joel Fletcher,8774320155,NE,4PM--11PM,
Brett Rodriquez,8340077294,DC,2PM--5PM,
Kenneth Goodman,3502598112,AZ,2PM--6PM,
Lura Nunez,3337552015,WI,1PM--11PM,
Jeff Gibbs,1656877119,LA,2PM--6PM,
Marguerite Love,8471897589,AR,3PM--4PM,
Belle Greer,8667173103,AZ,2PM--12PM,
Peter Ford,0699982520,AZ,3PM--7PM,
Dylan Maxwell,0463983126,VA,2PM--13PM,
Cory Watkins,2368017717,HI,2PM--10PM,
Leroy Atkins,1379802482,DE,3PM--8PM,
Susan Welch,2385912973,AL,4PM--5PM,
Alta Mitchell,9690738013,NC,3PM--6PM,
Susie Rivera,7817577660,CO,4PM--11PM,
Victor Rodriguez,3248388369,FL,2PM--12PM,
Lena Parks,5134547760,UT,1PM--5PM,
Jane Burns,5435785539,FL,1PM--10PM,
Bessie Mason,9687527728,FL,4PM--11PM,
Jeffrey Terry,1692896427,CO,4PM--9PM,
Connor Cruz,0366509542,MI,1PM--10PM,
Frederick Vaughn,9420299637,WY,4PM--9PM,
Birdie Harrington,5886166776,NE,4PM--6PM,
Nancy Hogan,3519302159,PA,1PM--12PM,
Cynthia Schultz,3876638929,AR,3PM--5PM,
Franklin Maldonado,9155147180,NY,3PM--10PM,
Nina McKinney,8364546183,MA,4PM--9PM,
Cora Montgomery,2850990420,UT,3PM--11PM,
Amanda Day,1365490402,IN,2PM--12PM,
Estella Harvey,3780778472,KS,4PM--8PM,
Martha Castillo,4530183542,KS,2PM--5PM,
Inez Spencer,0820145452,WY,1PM--12PM,
Randall Greene,4911611297,KS,2PM--7PM,
Willie Weber,4184251394,CA,3PM--5PM,
Max Austin,6013917877,DE,2PM--4PM,
Ryan Scott,2204545040,WI,2PM--8PM,
Allie Medina,2662011183,TN,3PM--9PM,
Henry Payne,5319543764,CA,1PM--10PM,
Eula Knight,7085043796,MT,2PM--8PM,
Maurice Williamson,9800932037,AR,1PM--10PM,
Devin Silva,4871925047,AZ,1PM--9PM,
Hester Valdez,0722839291,NE,2PM--13PM,
Amanda Gibbs,1747373568,AR,4PM--13PM,
Mabel Coleman,2411728257,LA,3PM--5PM,
Bradley Rodriguez,2772211527,OR,1PM--6PM,
Ophelia Page,0850815972,MT,4PM--6PM,
Janie Ruiz,5325770673,CA,3PM--9PM,
Isabella Bates,7071666857,MT,2PM--11PM,
Albert Bryant,9987347496,MD,2PM--7PM,
Lura Pierce,4524186678,UT,3PM--11PM,
Wayne Herrera,8993469530,AL,1PM--9PM,
Caroline Gomez,3355131182,NY,4PM--5PM,
Marion Joseph,8832813360,AZ,3PM--11PM,
Lewis Douglas,5029998347,AR,2PM--4PM,
Patrick Newman,8103014105,RI,3PM--9PM,
Cody Spencer,8720243761,OR,4PM--4PM,
Roger Miller,7456689184,DC,3PM--6PM,
Roxie Blair,0412873455,DE,3PM--7PM,
Joel Morton,7447592313,VT,1PM--11PM,
Jason Thomas,1483801936,WV,3PM--8PM,
Augusta Gordon,6286068528,AR,4PM--12PM,
Jerry Fletcher,0712483941,NY,3PM--11PM,
Susie Young,8460381680,GA,3PM--5PM,
Elva Page,4931301813,IN,3PM--5PM,
Fanny Young,0786269413,MO,3PM--8PM,
Pauline Huff,3096755986,WY,2PM--13PM,
Lawrence Edwards,9049001821,MI,3PM--7PM,
Ronnie Russell,6805377839,AK,2PM--9PM,
Mitchell Carpenter,0329332565,MO,1PM--12PM,
Lora Lindsey,2783266356,FL,4PM--6PM,
Fannie Hanson,0698832396,HI,2PM--10PM,
Lora Figueroa,0073802025,AK,4PM--12PM,
Ronnie Bridges,4370988975,IL,3PM--8PM,
Dorothy Lawrence,7233773887,CT,3PM--7PM,
Nelle Gardner,9217744547,OR,3PM--7PM,
Louis Robinson,0751158915,WV,2PM--12PM,
Susan Welch,5887694628,MI,3PM--10PM,
Amanda Collier,3881369657,NY,1PM--5PM,
Seth Johnson,7689545446,KS,3PM--6PM,
Ola Brock,7906984075,MT,1PM--4PM,
Alvin Watts,8839255913,MO,1PM--8PM,
Eddie Gonzalez,6592338549,GA,1PM--10PM,
Mathilda Norman,6089096383,MD,3PM--8PM,
Lulu Bowman,9121529975,UT,2PM--13PM,
Troy Flores,4186550839,IA,4PM--8PM,
Eleanor Nguyen,8739513993,DE,2PM--11PM,
Martha Castillo,0861269780,AZ,2PM--11PM,
Mable Buchanan,4413662638,CT,4PM--4PM,
Francisco Atkins,1891829404,KS,4PM--12PM,
Julian Casey,5986035463,CT,2PM--11PM,
Stella Beck,5635723997,HI,2PM--10PM,
Iva Fox,8240053621,FL,3PM--5PM,
Donald Peterson,9389325932,IN,1PM--9PM,
Pauline Gutierrez,4160557941,VA,3PM--7PM,
Alex Beck,4913465751,SD,2PM--7PM,
Lucile Barrett,9008200519,ME,3PM--11PM,
Georgie Roberts,7717435252,MA,3PM--6PM,
Gilbert Rhodes,3246414972,WV,1PM--5PM,
Jorge McDonald,2285812227,NH,2PM--7PM,
Evan Hodges,0563639181,CO,1PM--13PM,
Lula Bryan,4485372542,DE,2PM--13PM,
Lelia Reese,2596967911,SC,3PM--10PM,
Marcus Cummings,7478653803,MS,2PM--5PM,
Effie Day,6450844046,MA,3PM--8PM,
Lillie Valdez,6671216398,AR,3PM--7PM,
Troy Phelps,7808097369,FL,2PM--4PM,
Allie Robinson,4390947158,NE,4PM--9PM,
Sam Sims,1170095059,HI,3PM--4PM,
Blake Ramsey,0385541652,TN,1PM--11PM,
Milton Stewart,1048010652,KS,3PM--5PM,
Don Scott,9008890854,FL,2PM--8PM,
Myra Hogan,7153671446,WY,3PM--8PM,
Robert Tate,3811803078,MA,3PM--5PM,
Milton McGuire,0380740294,AL,3PM--5PM,
Christian Saunders,3952340818,NE,3PM--8PM,
Sue McCarthy,1724355308,CO,3PM--5PM,
Jane Brown,0901225850,WY,4PM--7PM,
Henry Jenkins,8037786347,ME,2PM--5PM,
Vera Stewart,7733457386,ME,3PM--5PM,
Ora Perkins,7951772362,SC,3PM--7PM,
David Cook,6752288216,NE,3PM--11PM,
Rosalie Warner,0513770056,PA,3PM--6PM,
Douglas Schultz,0839267495,ME,3PM--8PM,
Aaron Martin,9581820230,ME,2PM--8PM,
Johanna Huff,8823409220,MT,2PM--13PM,
Gordon Cunningham,7256552210,AL,2PM--13PM,
Jason Thomas,2507117632,NC,3PM--8PM,
Benjamin Floyd,4494152659,DC,1PM--4PM,
Mollie Fernandez,2777649608,FL,4PM--8PM,
Wayne Foster,2818680334,WI,4PM--12PM,
Samuel Moody,6620351218,TN,4PM--11PM,
Ivan Walker,9382851560,IN,3PM--11PM,
Kenneth Ballard,7717436352,AZ,3PM--5PM,
Ellen Wells,1795144786,MS,3PM--5PM,
Agnes Black,3651864052,DC,2PM--12PM,
Stella Bass,1180478907,MD,3PM--11PM,
Leon Houston,5482668558,FL,4PM--10PM,
Anne Stewart,1686889293,TN,4PM--11PM,
Joe Conner,3272547326,TN,4PM--12PM,
Marion Kennedy,7924640543,DE,4PM--10PM,
Edward Kelley,7429517286,NH,2PM--11PM,
Etta Cummings,9314390835,WV,3PM--13PM,
Katharine Wood,8039368451,MD,3PM--8PM,
Lillian Hunt,3833237513,GA,3PM--9PM,
Rodney James,2398228934,UT,1PM--11PM,
Adeline Gibbs,2151336766,MT,4PM--7PM,
Kathryn Hunter,1166425229,WV,4PM--8PM,
Edward Lamb,0774162909,AL,3PM--11PM,
Lucille Robbins,8445797936,AL,3PM--9PM,
Bettie Bates,1504075345,MN,2PM--12PM,
Julian Owens,4730006507,FL,3PM--8PM,
Susan Rodriquez,3510589252,NY,4PM--12PM,
Arthur Torres,8424161044,CO,3PM--10PM,
Eliza Graves,9339337903,AZ,1PM--8PM,
Rosie McBride,8964814598,HI,3PM--8PM,
Bettie Rhodes,6641642792,MN,1PM--10PM,
Nell Strickland,7662235001,SC,3PM--8PM,
Addie Castillo,3527557144,FL,2PM--6PM,
Alma Colon,2605173685,KS,4PM--7PM,
Hunter Chambers,0353545435,WY,4PM--11PM,
Jeff Todd,0706360277,ME,2PM--8PM,
Samuel Pittman,2391771532,WV,1PM--5PM,
Lura Rios,1809997709,WY,3PM--8PM,
Dustin Weber,1504075345,GA,1PM--12PM,
Connor Boone,2813605221,IA,1PM--11PM,
Danny Bryant,9724398631,MS,2PM--8PM,
Justin Hopkins,6558855525,AR,1PM--13PM,
Clayton Huff,1195898585,IA,2PM--8PM,
Lola Gray,0746301630,AL,1PM--12PM,
Sara Neal,7106664651,KS,2PM--13PM,
Charlotte Farmer,3714716882,WI,3PM--13PM,
Susie Fletcher,4382602555,WY,3PM--6PM,
Victoria Romero,0758910449,AZ,3PM--6PM,
Clyde Obrien,7654747626,MO,4PM--6PM,
Mitchell Wilson,9484467823,RI,3PM--12PM,
Allie Paul,4894775378,AR,1PM--11PM,
Wayne Anderson,9326996772,CA,3PM--9PM,
Amanda Ramos,2480719982,RI,2PM--5PM,
Dennis Martinez,7147991985,MO,2PM--12PM,
Eddie Phillips,4974813074,MO,3PM--13PM,
Keith Douglas,6382474707,DC,4PM--8PM,
Alexander Curry,5359347072,WV,3PM--10PM,
Carl Lowe,3764431724,FL,2PM--11PM,
Sue Richards,6026120593,MA,2PM--11PM,
Maude Stewart,2572073651,DE,4PM--11PM,
Gregory Sutton,9652428943,KS,3PM--11PM,
Landon Ruiz,7998956474,WV,1PM--10PM,
Harriet Caldwell,8785320243,OK,4PM--12PM,
Victor Sanders,2059543000,WV,3PM--10PM,
Stanley Barton,3231251231,TN,3PM--8PM,
Dale Yates,8219361042,MI,3PM--6PM,
Alma Hamilton,6286068528,AL,2PM--5PM,
Mamie Walker,1195898585,SD,4PM--9PM,
Edwin Coleman,5063420589,AK,3PM--8PM,
Callie Alexander,7553208261,ND,2PM--5PM,
David Todd,2596250061,VT,3PM--5PM,
Kenneth Hogan,4603201404,ME,1PM--4PM,
Warren Wheeler,2878913998,CT,3PM--6PM,
Ola McDaniel,0043609564,UT,2PM--13PM,
Ellen Baker,8876555276,ND,3PM--13PM,
Estelle Mason,6632121857,KS,4PM--8PM,
Mildred Jennings,4767382486,NV,2PM--6PM,
Allie Freeman,9624520330,MO,4PM--5PM,
Ray Mason,6913021766,MI,4PM--11PM,
Franklin Allison,9901752093,KS,4PM--11PM,
Harry French,1026842027,UT,3PM--4PM,
Melvin Walker,9957488389,CT,1PM--11PM,
Russell Wood,3820662761,WY,2PM--7PM,
Myrtie Soto,6293888258,HI,2PM--6PM,
Mario Sanchez,7607035413,SD,2PM--12PM,
Vera Hayes,3942733852,WV,4PM--7PM,
Mina Sharp,1974043458,HI,1PM--10PM,
Lewis Hanson,9319823082,IL,4PM--6PM,
Dollie Ford,1365490402,AK,3PM--6PM,
Lou Logan,5800868482,MT,2PM--8PM,
Mark Wagner,6363413411,MO,1PM--5PM,
Nathan Lucas,2463584807,AZ,1PM--7PM,
Frank Stanley,3655693665,TN,3PM--11PM,
Oscar McLaughlin,5748023820,NC,3PM--7PM,
Mark Wolfe,7193242699,LA,4PM--13PM,
Lena Moore,4357409403,IL,2PM--9PM,
Steve Coleman,4339752478,ME,2PM--7PM,
Jeanette Davidson,8658511586,CT,3PM--8PM,
Edwin McCormick,0137970759,OK,1PM--12PM,
Glen Jensen,9299173382,NH,3PM--8PM,
Callie Martinez,9353104984,CT,4PM--13PM,
Lulu Wilkerson,3026006884,IN,3PM--11PM,
Hulda Reese,4296117618,NC,3PM--4PM,
Marion Hodges,8813501064,HI,3PM--7PM,
Charlotte Newton,1520941981,MD,2PM--7PM,
Jay Gross,1000830351,DE,3PM--5PM,
Anne Mack,1331777689,HI,4PM--11PM,
Marvin Simon,1320157735,RI,3PM--11PM,
Gene Rice,1231971231,ME,2PM--7PM,
Sophia James,0511469182,NY,3PM--8PM,
Elnora Kim,7638086808,MO,1PM--4PM,
Carl Lowe,1539034348,HI,2PM--9PM,
Mina Nichols,6275665400,MS,3PM--8PM,
Beatrice Young,8029444592,PA,2PM--7PM,
Jeanette Davidson,3504774345,TN,2PM--5PM,
Janie Bryan,1324320098,NC,1PM--9PM,
Lenora Higgins,0833969173,IN,1PM--8PM,
Marcus Craig,7738285961,HI,3PM--5PM,
Olive Love,0107334008,NY,4PM--11PM,
Eliza Porter,0570279661,NH,2PM--12PM,
Joel Fletcher,9129138875,MI,1PM--10PM,
Ricky Bowen,4587689599,OR,1PM--12PM,
Bettie Moreno,2511510779,NH,2PM--13PM,
Shane Meyer,4889291016,CT,3PM--8PM,
Nannie Powers,1954336691,CT,4PM--6PM,
Jim Wells,8280627706,WY,1PM--13PM,
Douglas Rios,3795421695,TN,2PM--6PM,
Roxie Vargas,4529698598,CO,2PM--10PM,
Dean Maxwell,7106664651,CT,2PM--4PM,
Chad Norton,8594667077,CO,3PM--10PM,
Leonard Padilla,5870132399,ND,3PM--8PM,
Lewis Wise,9671829797,WV,2PM--10PM,
Elizabeth Cobb,4208788761,AZ,4PM--7PM,
Jessie Cox,7309126823,VA,1PM--6PM,
Estelle Jennings,3994379207,IN,3PM--5PM,
Lydia Buchanan,5378967610,MS,3PM--8PM,
Marion Joseph,7405336120,CT,4PM--8PM,
Milton Kim,0842662873,KS,2PM--12PM,
Nathan Terry,7721389390,IN,3PM--11PM,
Francis Love,8730046267,MI,2PM--11PM,
Ricky Ross,3438026492,ME,3PM--6PM,
Ralph Brewer,3014010966,AL,4PM--13PM,
Wayne Herrera,1707687247,TN,3PM--5PM,
Lula Hamilton,4174059981,AZ,4PM--11PM,
James Potter,9037888094,TN,1PM--12PM,
Logan Jimenez,1488225805,AZ,2PM--5PM,
Kathryn Huff,9351180290,GA,3PM--11PM,
Rachel Cooper,1239129064,KS,2PM--6PM,
Gene Williamson,0002834906,ND,2PM--5PM,
Augusta Gordon,4022756076,AR,1PM--13PM,
Evelyn Peterson,4328192441,HI,2PM--12PM,
Eugene James,9162039770,ND,3PM--9PM,
Linnie Salazar,6781088233,MN,2PM--12PM,
Jerome James,1658910362,LA,2PM--11PM,
Gordon Garrett,0499548030,CO,3PM--9PM,
Noah Crawford,6228293280,CT,2PM--10PM,
Lettie Wise,6570249403,DC,4PM--9PM,
Scott Jacobs,2395688470,NY,3PM--8PM,
Christine Strickland,3811387748,KS,1PM--10PM,
Hattie Greer,7593847112,MI,4PM--7PM,
Essie Carter,7858639046,AL,3PM--5PM,
Gabriel Perkins,4252781559,HI,3PM--7PM,
Violet Bryant,5419560040,HI,3PM--12PM,
Tony Todd,7936306545,LA,4PM--10PM,
Gene Ballard,3798288825,CO,3PM--5PM,
Jay Black,7653950107,DE,2PM--7PM,
Edward Cannon,7016011370,OK,4PM--12PM,
Helena Simon,0489796061,WI,2PM--7PM,
Estelle Cain,4762708103,KS,2PM--11PM,
Evan Guzman,5737410639,NC,1PM--8PM,
Jared Carlson,9261104913,DE,2PM--13PM,
Francis Sanchez,8471654474,NC,2PM--12PM,
Isaac Arnold,5926368235,MO,4PM--9PM,
Hilda Bowen,6459021297,ME,2PM--7PM,
Adam Patterson,5135665820,AK,3PM--12PM,
Alta Brewer,1269175370,WY,3PM--5PM,
Barbara Swanson,5395822176,MS,3PM--7PM,
Leila Bennett,8089524536,KS,4PM--12PM,
Isaiah Patton,8027928789,OK,2PM--7PM,
Lula Barnes,9868793647,FL,2PM--10PM,
Philip Freeman,2162966062,FL,2PM--10PM,
Madge Houston,0210572374,PA,3PM--10PM,
Viola Hart,9522958308,NE,2PM--7PM,
Ina Pierce,1558411706,TN,3PM--7PM,
Mildred Cortez,8932042943,MD,1PM--9PM,
Nellie Richards,3404948813,KS,4PM--13PM,
Edwin Massey,4362053736,MS,1PM--12PM,
Bryan Moran,8505976618,MD,3PM--5PM,
Estella Harvey,9346301254,SD,2PM--10PM,
Eddie Myers,8969477456,MD,3PM--8PM,
Flora Schneider,2973866389,HI,2PM--9PM,
Gene Bishop,5332230432,MN,1PM--10PM,
Calvin Ward,3421064370,IL,4PM--8PM,
Antonio Davidson,3200025270,AL,1PM--13PM,
Della Harrison,8315788433,NH,2PM--10PM,
Mark Wilkerson,3437599901,IL,2PM--5PM,
Mark Padilla,1381833260,SD,4PM--5PM,
Myrtle Huff,4359137036,WV,3PM--10PM,
Jerome James,7041377720,LA,3PM--8PM,
Carl Patrick,5795631055,MO,3PM--10PM,
Isabelle Horton,8385837787,MD,3PM--8PM,
Tommy Peters,0958263120,CT,3PM--4PM,
Benjamin Coleman,4919475651,IA,3PM--12PM,
Bettie Moreno,7034010005,RI,3PM--11PM,
Cordelia Wheeler,7017271284,CT,1PM--12PM,
Nora Miles,1659434566,MS,4PM--12PM,
Jerry Butler,7026294087,DC,1PM--12PM,
Grace Moody,2567382049,DE,2PM--10PM,
Ella Henry,8552288916,CO,2PM--11PM,
Albert Drake,3992472695,HI,3PM--11PM,
Catherine Ramos,2538293285,FL,3PM--5PM,
Anne Craig,6692251212,KS,2PM--7PM,
Rosetta Nelson,8846845384,OK,2PM--12PM,
Kevin Hammond,0955511072,MD,2PM--12PM,
Lena Gibbs,2176358422,NV,3PM--4PM,
Clarence Patterson,9413864023,AL,1PM--5PM,
Jimmy White,5229646132,AR,2PM--7PM,
Floyd Wilson,3781490291,NH,2PM--8PM,
Troy Phelps,9267221944,ME,1PM--5PM,
Ricardo Summers,5951237878,AZ,3PM--8PM,
Gussie Burgess,1487938676,AL,2PM--9PM,
Lillian West,2328442319,LA,3PM--8PM,
Dorothy Dean,1292406126,HI,2PM--13PM,
Isabella Ramirez,5006656759,CT,1PM--10PM,
Tillie Huff,3666667520,MD,2PM--6PM,
Augusta Holloway,9389325932,WI,4PM--12PM,
Alberta Hicks,0851750804,MA,3PM--9PM,
Hulda Bowman,0806889329,MD,1PM--5PM,
Bess Boone,3745966476,AL,3PM--10PM,
Susie Steele,5897952652,RI,3PM--7PM,
Elsie Cohen,0123789056,HI,3PM--11PM,
Marguerite Chapman,6929566045,MI,4PM--9PM,
Cody Hunter,9262196056,CA,2PM--7PM,
Agnes Wood,4572830625,AR,3PM--5PM,
Cole Gonzalez,1783109118,MD,4PM--13PM,
Alma Carlson,6895233337,HI,3PM--5PM,
Adam Thomas,7826132676,ME,1PM--9PM,
Alex Atkins,7825953819,WY,3PM--12PM,
Linnie Daniel,1054878346,HI,2PM--5PM,
Joel Fletcher,0017851172,SD,2PM--12PM,
Bradley Robinson,7550357558,WV,1PM--12PM,
Duane Mack,6573535001,DE,2PM--5PM,
Luis Burgess,4082823026,HI,3PM--8PM,
James Harmon,0605263845,FL,2PM--8PM,
Alma Colon,8522018051,NY,2PM--10PM,
Dorothy Hamilton,2720123650,GA,3PM--9PM,
Maggie Parker,9528667582,HI,2PM--9PM,
Franklin Reyes,2087363703,MD,3PM--6PM,
Lina Norman,2730250941,GA,2PM--9PM,
Helena Rogers,6017349724,MO,4PM--12PM,
Jose Harvey,9694204548,MI,1PM--6PM,
Howard Richards,1393567472,HI,2PM--8PM,
Jerome Becker,4330308268,NE,3PM--11PM,
Warren Bryan,3199300284,CO,1PM--12PM,
Brandon Singleton,9140078835,RI,3PM--5PM,
Lettie Mason,2935410181,MA,3PM--8PM,
Martha Castillo,7985084254,AK,2PM--7PM,
Jesse Hudson,0184361006,CO,2PM--9PM,
Lora Sparks,7825953819,NE,4PM--5PM,
Steven Mathis,0400345730,CT,1PM--10PM,
Jorge Wade,0956366748,DE,3PM--5PM,
Duane Warren,7313376004,UT,3PM--6PM,
Mathilda Waters,0717288161,NE,3PM--8PM,
Belle Davis,4153021068,IL,3PM--8PM,
Lula Watkins,3199300284,MO,2PM--12PM,
Annie Tate,3987341166,MS,3PM--8PM,
Marian Collier,9545291538,AL,3PM--8PM,
Joel Griffith,2631484507,LA,3PM--8PM,
Eugene Patrick,5676927631,FL,4PM--6PM,
Bess Hunter,0089663252,KS,3PM--4PM,
Lucinda Payne,1446446286,FL,3PM--9PM,
Marie Lindsey,6245506872,FL,4PM--5PM,
Joe Neal,7342677953,GA,4PM--11PM,
Winnie Smith,5193778823,DE,3PM--12PM,
Duane Warren,3427954752,SD,2PM--8PM,
Mike Russell,4359137036,UT,3PM--9PM,
Amy Harvey,7824754862,MO,2PM--7PM,
Willie Weber,8279971309,AZ,3PM--11PM,
Ada Banks,5541794523,HI,3PM--6PM,
Willie Morales,0474890498,MO,2PM--12PM,
Minerva Collins,8902954636,FL,3PM--8PM,
Victor Hudson,3030127641,WI,3PM--6PM,
Kyle Cohen,3081209846,AR,3PM--4PM,
Rodney Fitzgerald,9926085483,MT,1PM--6PM,
Andre Hawkins,4629356754,FL,4PM--5PM,
Jennie Cunningham,3441290396,MS,3PM--8PM,
Owen McDonald,3568784397,MN,3PM--6PM,
Elsie Jimenez,0828593355,KS,2PM--12PM,
Ola Brock,6070539711,ME,1PM--12PM,
Adeline Kelley,9250032875,VA,4PM--4PM,
Francisco Lyons,6459021297,NY,3PM--8PM,
Aiden West,0459388562,TN,2PM--10PM,
Jeffrey Nunez,1523346153,MO,3PM--11PM,
Marcus Barker,6337749834,CO,3PM--6PM,
Warren Morton,8036407117,MS,4PM--5PM,
Milton Norris,4362053736,HI,3PM--9PM,
Gertrude Webb,1022600844,FL,1PM--5PM,
Nina Alexander,6402438451,HI,3PM--6PM,
Marcus Adams,4451574573,MD,1PM--12PM,
Jim Graves,9432288179,NH,4PM--11PM,
Edgar Wallace,0820713494,MO,3PM--4PM,
Marian Rowe,3437599901,NC,3PM--13PM,
Kenneth Flores,1861408474,AK,4PM--5PM,
Lucille Morgan,4432040970,WV,3PM--9PM,
Norman Patterson,4786356733,MA,4PM--10PM,
Lenora Clayton,4392892231,AR,3PM--10PM,
Austin Moody,6846690408,SD,1PM--11PM,
Kate Holt,6382474707,FL,1PM--10PM,
Lily Vaughn,7523595250,HI,4PM--12PM,
Earl Garner,0228281281,ND,4PM--12PM,
Addie Hayes,9368600312,HI,2PM--5PM,
Frederick Barnett,7021901857,CO,2PM--13PM,
Jordan Morrison,8364141043,CT,2PM--12PM,
Roger Duncan,8730046267,AL,3PM--9PM,
