barName,phoneNumber,barLicense,bartenderID,State of Residence,
E[edit],(924) 289-8402,KWTdwvIgBmWrY,7329864544,MA,
The Vigilante — Citizen Smith,(924) 289-8402,FUnaI,2806820332,GA,
Shooters — Melrose Place,(331) 891-7914,cMYudMPX,7550365077,TN,
The Learned Goat — Bone Tomahawk,(223) 451-6214,WcwMNdMaoqOMTFnkd,0300447898,KS,
Bob's Country Bunker — The Blues Brothers,(460) 330-2674,dyYqHYWn,8240443958,CO,
The Siren — Gotham,(584) 288-2248,GEtCTQBuBxHjLGQ,1328702344,CO,
 Part 1 and Henry IV,(339) 382-8591,yvsxNzBUG,5880379195,NY,
Vesuvio — The Sopranos,(539) 216-4373,ImEcCSwpNBBjLuxzkQ,6852109542,UT,
Table Salt — Arrow,(924) 289-8402,PAasBYvBr,2310007963,ND,
The Foaming Flask — The Elder Scrolls IV: Oblivion,(231) 773-3676,isIlxQggMbzmyWDeS,9800932037,NY,
 episode "The Calm",(924) 289-8402,afDxrRGvwtyXePEgXeQ,2801779976,MN,
The Kebab & Calculator — The Young Ones (1982),(641) 932-8291,kJcaAxPMYjvHQnDIIe,7502226600,HI,
McGinty's — Frasier (Martin Crane's hangout after Duke's pub is closed down),(817) 225-3731,cMYudMPX,8103185549,AL,
 episode "Remains of the Day",(689) 942-6305,pdnra,2976096555,SC,
Rovers Return Inn — Coronation Street,(723) 313-3201,qLxhsiLTDCGrMCxNIFoJ,4245232979,AL,
Brady Pub — Days of Our Lives,(975) 933-3468,CidYnE,7890520870,CO,
Four Shields Tavern — The Elder Scrolls V: Skyrim,(828) 959-1289,dyYqHYWn,5158657204,NC,
The Bada Bing — The Sopranos,(787) 677-3966,MVJELwFUqogMx,5905736805,CO,
John McRory's Place — Leverage,(460) 660-9681,FTVpRPv,4281431559,OR,
 Cottington — Arthur Dent's local in The Hitchhiker's Guide to the Galaxy,(967) 682-9571,XRtnbKONdDCKGhO,1576794805,AZ,
 episode "The Beer is Always Greener",(902) 940-6870,GEtCTQBuBxHjLGQ,1483801936,MA,
The Dog in the Pond — Hollyoaks,(539) 951-9381,FCRyIZ,6251935000,AK,
C[edit],(851) 705-8483,GepHphxGkVGmYJ,1501701003,MO,
Deville — Arrow,(979) 514-5679,XRtnbKONdDCKGhO,4034435107,AK,
Maxwell's Nightclub (Metropolis) — Smallville,(979) 514-5679,WcwMNdMaoqOMTFnkd,9867231849,AZ,
 episode "Charade",(622) 351-6088,qLxhsiLTDCGrMCxNIFoJ,9917414273,WV,
 the bar downstairs from Nate's apartment,(321) 556-9661,VLoofM,7612592374,MO,
Pedro McKinnon — Scottish-Mexican fusion restaurant in How I Met Your Mother,(818) 332-1000,GuAMjsGVN,6102540241,CT,
Cocktails and Dreams — Cocktail (1988),(232) 338-3323,aUUUnZbWGQXgqa,5210713434,TN,
Romanoff's — The Little Sister by Raymond Chandler,(560) 778-2982,KprmPIOxea,1937683379,AZ,
The Whippet Inn — Carry On at Your Convenience,(622) 351-6088,GuAMjsGVN,9827036743,KS,
Moe's Tavern — The Simpsons,(573) 231-2744,SRuKBSBp,8263597467,AR,
Salieri's Bar — Mafia: The City of Lost Heaven,(979) 514-5679,mQKBM,3660453633,MO,
Cocktails and Dreams — Cocktail (1988),(482) 523-1438,ZlTKonSjwG,5838685818,VA,
C[edit],(825) 805-7288,vVjjt,9913018292,MN,
Dog And Duck — No Angels (2004-2006),(687) 952-8834,EXsxJQS,4515718582,MO,
 episode "Sunrise",(756) 914-1573,RLukQlrxksjRjaYQjoZz,3022272064,WV,
Four Shields Tavern — The Elder Scrolls V: Skyrim,(967) 682-9571,cyBAsWWMXXvUDdt,6508248209,MT,
 HP7 0DJ,(979) 514-5679,GtAhsVIaRzrFpRdFyKu,6282044087,CT,
Snakehole Lounge — Parks and Recreation,(872) 487-4928,vVjjt,8702567717,AZ,
The Fiesty Goat Pub — Eurotrip,(769) 400-2541,DkgnmDV,0642956511,TN,
Seagrass — Arrow,(332) 815-7645,siiWmYqPTHuJwxoP,7342677953,FL,
Chez Quis — Ferris Bueller's Day Off,(407) 486-9848,KPFgmVWDzrQOv,9664315204,HI,
 episode "Two Parties",(687) 952-8834,KEenSyCXfojlJTr,9765249431,NE,
The Mucky Duck — Man About The House,(689) 942-6305,WXPCsQIopsQIHw,7680092127,AL,
Cooper's — King of Queens,(664) 905-7176,XRtnbKONdDCKGhO,9624711597,CO,
Sleeping Giant Inn — Skyrim,(288) 738-6276,cUngxdbxvBlCMrdn,5362311822,MD,
 Cottington — Arthur Dent's local in The Hitchhiker's Guide to the Galaxy,(408) 308-1637,mQKBM,7315713078,PA,
 in JRR Tolkien's The Lord of the Rings,(472) 299-8437,tUXtZFqgoabz,1689152910,MS,
Jack's Crocodile Bar -- "Where deals are made over a beer and a bite." -- "American Gods",(622) 351-6088,GuAMjsGVN,9652428943,AZ,
The Lost Lady Saloon — The Outlaw Josey Wales,(576) 833-3441,qFZyr,0999100585,ME,
Fitzgerald's — Ballykissangel,(560) 778-2982,hGaNlarkleHyZdogWymi,7933355087,MA,
The Winking Skeever — Skyrim (A skeever is a kind of large rat within the game.),(335) 720-9904,SRuKBSBp,8774320155,NE,
The Venusville Bar — Total Recall (1990),(802) 900-9835,YTXhp,9748974090,SC,
The Cap & Bell — Saloon Bar (1940),(976) 658-8811,MbPHymLleVRzlRyPxzp,8191099259,MI,
 on their 9th studio album Murder Ballads,(582) 640-5360,nPZeeNQPmHaswXYmQS,1891829404,MO,
McGinty's — Boondock Saints (1999),(339) 382-8591,DkgnmDV,2792419844,WY,
Moe's Tavern — The Simpsons,(502) 440-3222,VLoofM,2413431689,AZ,
Jenny's — Still Game,(573) 231-2744,PdosmDgiHf,8431279513,CO,
Charlie's — Neighbours,(687) 952-8834,hNfavOCVeivafVmk,4157077429,WV,
The Blue Oyster Bar — Police Academy franchise,(924) 289-8402,GepHphxGkVGmYJ,9796414283,UT,
The Broken Drum/The Mended Drum — Ankh-Morpork in Terry Pratchett's Discworld,(223) 451-6214,QsDhvI,1461434500,NV,
Porky's — Porky's,(723) 313-3201,dxCpjqqwUz,0830882713,WV,
 second novel in The Hitchhiker's Guide to the Galaxy series by Douglas Adams,(264) 539-9136,MVJELwFUqogMx,9928085095,GA,
Bunnys — The Young Doctors,(965) 764-4863,GGUvjYZmxSTgxhCa,3494110996,ND,
The Dog and Gun — Coronation Street,(331) 891-7914,BNHiZsYn,0174810442,AZ,
The Bull — The Archers,(788) 308-2578,JbEMvY,3638472012,ME,
The Foaming Flask — The Elder Scrolls IV: Oblivion,(722) 370-6001,GuAMjsGVN,3612055904,WV,
C[edit],(662) 829-2701,NdjjugTHnGG,6088039665,WY,
Dog And Duck — No Angels (2004-2006),(625) 465-1732,YtbUcQIVtbFRN,5026407780,VA,
 episode "Mixology Certification",(310) 376-9557,kJcaAxPMYjvHQnDIIe,5298440434,CA,
China Coast — Alias Nick Beal,(389) 877-7945,tVOfVLTQ,1606393777,NV,
 episode "The Lighthouse",(724) 868-8104,VxpLUTXUXt,1069307788,WV,
Corrado Italian Bistro — Arrow,(724) 868-8104,ciazPsbeywuBYM,1207122008,WV,
Candlehearth Hall — The Elder Scrolls V: Skyrim,(327) 687-6223,cMYudMPX,1747373568,AR,
The Rat in the Pot — The Elder Scrolls III: Morrowind,(707) 438-9674,yvsxNzBUG,2779428894,IL,
Rovers Return Inn — Coronation Street,(707) 438-9674,LgMkLnhFuAet,1921315904,AZ,
SaxonwoldShebeen — Saxonwold,(436) 324-8013,GHMrHDaeiC,9886761044,MO,
 in Peep Show,(355) 737-3285,mIJDLo,8451711904,CO,
 Hackney),(787) 677-3966,QsDhvI,8290396182,FL,
Flanahan's Hole — Community,(327) 687-6223,XQkoxDNpYnXfX,3861798189,NY,
MacLaren's Pub — How I Met Your Mother (2005),(662) 829-2701,WjpUBVYFy,5478403075,NY,
 a short 1958 sci-fi novel by Fritz Leiber,(502) 440-3222,GuAMjsGVN,2763166847,AZ,
Weatherfield Arms (known as the "Weathy Arms") — Coronation Street,(641) 932-8291,PdosmDgiHf,5522005515,MA,
 BBC radio series,(576) 833-3441,SGoCjsapEP,3487667685,ME,
 on his second album Don't Fight the Feelin',(310) 376-9557,NdjjugTHnGG,8839689147,AZ,
The Snug — Life on Mars (U.S. version),(902) 940-6870,MbPHymLleVRzlRyPxzp,9846048251,MA,
P3 — Charmed,(576) 833-3441,GGUvjYZmxSTgxhCa,0546696646,DE,
Munden's Bar — Grimjack (comic),(584) 288-2248,ciazPsbeywuBYM,7612592374,AK,
Jack Rabbit Slim's — Pulp Fiction,(264) 539-9136,PAasBYvBr,0580493431,UT,
The Venusville Bar — Total Recall (1990),(872) 487-4928,XQkoxDNpYnXfX,4242053150,FL,
Bunnys — The Young Doctors,(307) 875-2404,KprmPIOxea,7161708967,FL,
The Count's Arms — The Elder Scrolls IV: Oblivion,(307) 875-2404,dxCpjqqwUz,2513075018,DE,
The Thorax Bar (Society) — Gamer (2009),(902) 940-6870,GtAhsVIaRzrFpRdFyKu,8168490218,AK,
Broken Keel Tavern — World of Warcraft,(872) 487-4928,WcwMNdMaoqOMTFnkd,7886363001,AR,
 by J. Meade Faulkner,(976) 658-8811,iBaKq,1054878346,NY,
Essence — Parks and Recreation,(307) 875-2404,tUXtZFqgoabz,9333038794,UT,
Low Point — How I Met Your Mother,(972) 769-2769,QsDhvI,1410512811,MO,
 episode "Challenge Accepted",(924) 289-8402,WcwMNdMaoqOMTFnkd,7327843019,WV,
The Goat and Compasses — Dad's Army,(307) 875-2404,FCRyIZ,0865086355,MO,
The Pilgrim's Rest — The Elder Scrolls III: Morrowind,(426) 765-3084,tUXtZFqgoabz,4023850607,WV,
 episode "Two Parties",(625) 465-1732,diOKL,6340169837,MA,
West Weald Inn — The Elder Scrolls IV: Oblivion,(826) 664-5436,eeKcKFZpMOQTNty,9305203361,AL,
000 Streets Under the Sky by Patrick Hamilton,(828) 959-1289,ciazPsbeywuBYM,6044867238,CO,
The Malt Shovel — formerly the other pub in Emmerdale,(407) 486-9848,QsDhvI,7722445894,CA,
Mickey's — Hell on Wheels,(440) 321-3100,cJjtLirPRbzKXQTWfxc,5482668558,AZ,
The Rusty Anchor — The Golden Girls,(902) 940-6870,bNQVwc,7399734170,UT,
Scarlet Raven Tavern — World of Warcraft,(961) 439-6491,YtbUcQIVtbFRN,9261104913,CT,
Inn of the Last Home — Dragonlance,(223) 451-6214,XRtnbKONdDCKGhO,6091928147,LA,
 HP7 0DJ,(787) 677-3966,VxpLUTXUXt,6852620483,HI,
Mad Dog Saloon — Bill & Ted's Excellent Adventure,(830) 651-1296,ElstokWwsfuj,1692699441,ME,
The Last Resort — Total Recall (1990),(264) 539-9136,EIQnqBUjwIxS,3390544769,CT,
Kadie's Club Pecos — Sin City,(826) 664-5436,MVJELwFUqogMx,9752472752,MT,
The Mohune Arms — Moonfleet,(562) 507-7384,BNHiZsYn,4725975110,WY,
The Rusty Anchor — The Golden Girls,(310) 376-9557,MswgVNVjY,5058310076,WV,
 a series of neo-noir comics by Frank Miller,(843) 876-7257,ahAzaOlgzskYHm,1212456875,HI,
The Bada Bing — The Sopranos,(722) 370-6001,isIlxQggMbzmyWDeS,6000343872,CO,
Charlie's — Neighbours,(576) 833-3441,XRtnbKONdDCKGhO,3456915277,SC,
Foley's — Mrs. Brown's Boys,(603) 274-9446,ImEcCSwpNBBjLuxzkQ,9903896855,MO,
De Rossi's Wine Bar — Doctor Who,(724) 868-8104,hGaNlarkleHyZdogWymi,6251935000,VT,
Snakehole Lounge — Parks and Recreation,(560) 778-2982,lQEfrLg,3715438989,NH,
Daddy Crab Leg's Crab Shack — Saving Hope,(787) 677-3966,GtAhsVIaRzrFpRdFyKu,4222817178,WV,
The Broken Drum/The Mended Drum — Ankh-Morpork in Terry Pratchett's Discworld,(976) 658-8811,yvsxNzBUG,5767774247,RI,
The Kit Kat Klub — Cabaret,(250) 665-7321,hGaNlarkleHyZdogWymi,2546447534,MI,
The Peach Pit — Beverly Hills,(536) 610-7655,EIQnqBUjwIxS,9694170641,AR,
Dead Man's Drink — The Elder Scrolls V: Skyrim,(457) 701-7964,RLukQlrxksjRjaYQjoZz,7934963672,AR,
The Eolian - The Kingkiller Chronicle,(643) 327-3798,ElstokWwsfuj,3580385275,DC,
Jack's Crocodile Bar -- "Where deals are made over a beer and a bite." -- "American Gods",(769) 400-2541,qFZyr,3707978832,AR,
The Bee and Barb — The Elder Scrolls V: Skyrim,(902) 940-6870,cMYudMPX,7086521078,GA,
Moe's Tavern — The Simpsons,(307) 875-2404,ciazPsbeywuBYM,4679073267,GA,
Paddy's Pub — It's Always Sunny in Philadelphia,(826) 806-8072,cyBAsWWMXXvUDdt,0603927322,FL,
Merlotte's Bar and Grill — True Blood,(851) 705-8483,BNHiZsYn,7314608122,MA,
Levy's — Lady in the Lake and Trouble is My Business,(788) 308-2578,SRuKBSBp,8823409220,GA,
Thunderbrew Distillery — World of Warcraft,(972) 769-2769,MRnQNysKkV,3916650282,MO,
The Armada Room (at the Hilton Hotel) — where The Blues Brothers track down Murph & the Magic Tones,(722) 370-6001,mQKBM,0052483904,AR,
The Gold Room at the Overlook Hotel — The Shining by Stephen King and the 1980 film adaptation,(460) 330-2674,hNfavOCVeivafVmk,5665973218,NH,
The Armada Room (at the Hilton Hotel) — where The Blues Brothers track down Murph & the Magic Tones,(603) 274-9446,rFEMAicf,2071909908,GA,
 1976 song by Thin Lizzy,(687) 952-8834,CidYnE,5032388780,MO,
The Mohune Arms — Moonfleet,(711) 586-4308,heQJVn,9624711597,AZ,
The Tall Ship — River City,(264) 539-9136,tVOfVLTQ,2973866389,NY,
Charlie's — Harvey (1950),(287) 479-2490,vIXwFY,3031844483,CO,
Mr. Pubbs — Cheers,(828) 959-1289,mQKBM,1088128035,MS,
Cockatoo Inn — Jackie Brown (1997),(219) 941-6646,ciazPsbeywuBYM,9958494566,AL,
 in JRR Tolkien's The Lord of the Rings,(281) 658-1479,hGaNlarkleHyZdogWymi,0107334008,FL,
The Bloated Float Inn — The Elder Scrolls IV: Oblivion (an inn located within a converted ship that still sits on the water),(622) 286-1124,WjpUBVYFy,2671072501,MN,
Low Point — How I Met Your Mother,(457) 701-7964,LgMkLnhFuAet,3929419776,CT,
Shooters — Melrose Place,(562) 507-7384,GGUvjYZmxSTgxhCa,6634894511,LA,
 by Kingsley Amis [3],(825) 805-7288,yvsxNzBUG,8000166999,NC,
SU Bar — Hollyoaks,(769) 400-2541,KprmPIOxea,3144987159,HI,
The Feed Bag — The Elder Scrolls IV: Oblivion,(825) 805-7288,siiWmYqPTHuJwxoP,2394083620,AL,
 by Raymond Chandler,(259) 385-7742,aUUUnZbWGQXgqa,8053994105,CT,
B[edit],(722) 370-6001,KprmPIOxea,8446978613,NH,
 1892) — Doctor Who,(460) 330-2674,SwUwIrksArHxRbOtsNv,8406508476,AK,
Dead Man's Drink — The Elder Scrolls V: Skyrim,(969) 543-6991,DkgnmDV,7717436352,VA,
 episode "Challenge Accepted",(519) 256-1779,vIXwFY,0990814157,WY,
Cocktails and Dreams — Cocktail (1988),(426) 765-3084,dyYqHYWn,5478167890,DE,
Poison — Arrow,(536) 610-7655,WXPCsQIopsQIHw,0741747237,HI,
The Jockey — Shameless,(723) 313-3201,EIQnqBUjwIxS,0733196694,ME,
The Flying Horse — Coronation Street's other pub,(924) 289-8402,yvsxNzBUG,5297835672,CA,
The Leaky Cauldron — a public house in the Harry Potter series and the entryway into Diagon Alley in London,(232) 338-3323,SGoCjsapEP,8505976618,AZ,
 episode "Day One",(355) 737-3285,iBaKq,0851236764,SD,
The Intersection — How I Met Your Mother,(259) 385-7742,XAhHVTjjTQFJcMG,4410784671,WV,
 HP7 0DJ,(662) 829-2701,qMkSBWbxC,2192081594,NY,
The Wicked Kiss — Alexa O'Brien series,(321) 556-9661,KEenSyCXfojlJTr,9588176150,MI,
The Smack — Rapscallion by James McGee,(704) 229-7495,mIJDLo,5749344266,AR,
Kadie's Club Pecos — Sin City,(539) 216-4373,FSbCFtpGLeu,6907197145,ND,
Seagrass — Arrow,(662) 829-2701,iBaKq,8891761889,ME,
The Drunken Dragon Inn — The Elder Scrolls IV: Oblivion,(376) 359-2019,JbEMvY,8876943349,MN,
Charlie's — Harvey (1950),(826) 806-8072,iBaKq,7101263640,DC,
 episode "Mixology Certification",(444) 648-9036,GuAMjsGVN,6336688360,IL,
Salieri's Bar — Mafia: The City of Lost Heaven,(380) 686-6955,ZlTKonSjwG,6556998929,MO,
The Nag's Head — Only Fools and Horses,(711) 586-4308,DAhmibabDnJwATEbr,5887694628,WV,
Kavanagh's Irish Pub — The Wire,(603) 274-9446,vVjjt,9928085095,KS,
 by J. Meade Faulkner,(232) 338-3323,ImEcCSwpNBBjLuxzkQ,7525323332,MA,
 episode "Legacies",(264) 539-9136,tUXtZFqgoabz,6319933367,NV,
The Kit Kat Klub — Cabaret,(250) 665-7321,SGoCjsapEP,3838998455,ND,
 by Charles Dickens,(724) 868-8104,bjFBxlEu,5698823242,NV,
The Winchester Tavern — Shaun of the Dead (2004),(576) 833-3441,EIQnqBUjwIxS,0020550326,IL,
Archie Bunker's Place — Archie Bunker's Place,(817) 225-3731,cUngxdbxvBlCMrdn,2116670805,IL,
The Red Boot Pub — Grounded for Life,(843) 876-7257,qMkSBWbxC,2708743108,KS,
The Brick — Northern Exposure,(826) 806-8072,tUXtZFqgoabz,0343663134,NC,
The Goat and Compasses — Dad's Army,(231) 773-3676,SwUwIrksArHxRbOtsNv,4051445396,TN,
Mr. Pubbs — Cheers,(967) 682-9571,vVjjt,2801779976,MI,
The Mucky Duck — Man About The House,(560) 778-2982,MVJELwFUqogMx,6081821930,NE,
 episode "How Your Mother Met Me",(707) 438-9674,KWTdwvIgBmWrY,3946974112,CA,
The Winchester Tavern — Shaun of the Dead (2004),(455) 269-3147,aUUUnZbWGQXgqa,5369293621,MO,
Munden's Bar — Grimjack (comic),(818) 332-1000,OdROrFvLjhfn,7788651591,AL,
Bellefleur's Bar and Grill — True Blood (2008),(788) 308-2578,tjqMIvvNtxlPYAPEsB,5290838601,NC,
 aka "Chalmun's Cantina" — the bar in Star Wars Episode IV: A New Hope,(724) 868-8104,VLoofM,4242645556,ME,
The Leaky Cauldron — a public house in the Harry Potter series and the entryway into Diagon Alley in London,(573) 231-2744,KPFgmVWDzrQOv,6734325667,HI,
McGinty's — Early Edition (1996),(448) 698-2982,EIQnqBUjwIxS,6593841118,NH,
The Feathers — Dad's Army,(460) 660-9681,eeKcKFZpMOQTNty,6389293045,WV,
 episode "Remains of the Day",(528) 438-3310,LgMkLnhFuAet,1940294463,AZ,
The Six Jolly Fellowship Porters — Our Mutual Friend,(455) 269-3147,mUkZaCztpHVIXTV,0080533460,GA,
The Mohune Arms — Moonfleet,(528) 438-3310,GtAhsVIaRzrFpRdFyKu,0830882713,LA,
Shooters — Melrose Place,(528) 438-3310,siiWmYqPTHuJwxoP,4334101608,TN,
 by Raymond Chandler,(472) 299-8437,NdjjugTHnGG,4464213431,KS,
Club Obi Wan — Indiana Jones and the Temple of Doom (1984),(380) 686-6955,eeKcKFZpMOQTNty,5770656900,OK,
The Thorax Bar (Society) — Gamer (2009),(448) 698-2982,MRnQNysKkV,4935968306,AL,
 90210 (1990),(436) 324-8013,bNQVwc,5059613241,MN,
Weatherfield Arms (known as the "Weathy Arms") — Coronation Street,(436) 324-8013,cJjtLirPRbzKXQTWfxc,0665377731,MD,
Vardi's — The Big Sleep,(231) 773-3676,FTVpRPv,5294631283,CT,
The Drunken Huntsman — The Elder Scrolls V: Skyrim,(460) 660-9681,isIlxQggMbzmyWDeS,7828163793,NC,
The Whippet Inn — Carry On at Your Convenience,(818) 332-1000,QsDhvI,5152550310,MA,
The Goat and Compasses — Dad's Army,(250) 665-7321,GEtCTQBuBxHjLGQ,4248450791,HI,
The Dog and Dart — Mount Pleasant,(204) 853-6634,PdosmDgiHf,1229542823,DE,
 East Cheam — Hancock's Half Hour,(231) 773-3676,DkgnmDV,9202048777,RI,
The Prancing Pony — The Lord of the Rings,(335) 720-9904,cMYudMPX,8430038446,ME,
The Leaky Cauldron — a public house in the Harry Potter series and the entryway into Diagon Alley in London,(818) 332-1000,ElstokWwsfuj,5923467445,AL,
Alibi Bar — Nick Knatterton,(457) 701-7964,ZlTKonSjwG,7881013442,NY,
The Whippet Inn — Carry On at Your Convenience,(576) 833-3441,GepHphxGkVGmYJ,5149458677,MO,
The Aigburth Arms — Red Dwarf,(622) 286-1124,ahAzaOlgzskYHm,1514610896,NE,
The Pilgrim's Rest — The Elder Scrolls III: Morrowind,(301) 623-6286,rwmsoZ,4978044173,ME,
The Leaky Cauldron — a public house in the Harry Potter series and the entryway into Diagon Alley in London,(902) 940-6870,WjpUBVYFy,7679173749,MI,
The Rose & Crown (London,(219) 941-6646,MVJELwFUqogMx,0556071226,AL,
Salty Sailor Tavern — World of Warcraft,(976) 658-8811,tjqMIvvNtxlPYAPEsB,8350159439,WV,
China Coast — Alias Nick Beal,(440) 321-3100,GEtCTQBuBxHjLGQ,1779053837,OK,
Copacabana — Goodfellas,(573) 231-2744,cMYudMPX,7429517286,DE,
The Railway Arms — Life on Mars,(828) 959-1289,hGaNlarkleHyZdogWymi,6671216398,MS,
The Bang Bang Bar — Twin Peaks (1990),(972) 769-2769,WjpUBVYFy,2560575732,CT,
Fitzgerald's — Ballykissangel,(874) 648-1708,YTXhp,2116670805,IL,
The Bronze — Buffy the Vampire Slayer (1997),(528) 438-3310,OdROrFvLjhfn,5916182221,WV,
Korova Milk Bar — A Clockwork Orange,(818) 332-1000,KEenSyCXfojlJTr,5132540585,MO,
McGinty's — Early Edition (1996),(643) 327-3798,XAhHVTjjTQFJcMG,5047839012,DE,
Thunderbrew Distillery — World of Warcraft,(756) 914-1573,ntwWEKmcbPeGGV,0868535729,TN,
The Bannered Mare — The Elder Scrolls V: Skyrim,(843) 876-7257,yvsxNzBUG,5291004199,CO,
 episode "The Shakespeare Code",(376) 359-2019,FUnaI,1754681590,TN,
Gateway Inn — The Elder Scrolls III: Morrowind,(219) 941-6646,FSbCFtpGLeu,1259506519,MD,
 episode "Mixology Certification",(955) 646-4001,dyYqHYWn,2136211520,DC,
Starlight Roof,(341) 264-1421,cEqJG,6821257441,MA,
Poison — Arrow,(689) 942-6305,yvsxNzBUG,5522913924,WV,
The Flying Horse — Coronation Street's other pub,(287) 479-2490,GEtCTQBuBxHjLGQ,0712483941,TN,
Broken Keel Tavern — World of Warcraft,(341) 264-1421,JbEMvY,9758742783,KS,
The Dog and Gun — Coronation Street,(874) 648-1708,lQEfrLg,7969975768,MO,
The Butchers Arms — Last of the Summer Wine,(426) 765-3084,tUXtZFqgoabz,1779053837,MT,
Copacabana — Goodfellas,(573) 231-2744,rFEMAicf,0758065498,NE,
 1946 essay by George Orwell,(955) 646-4001,cUngxdbxvBlCMrdn,4474299231,SD,
The Black Lion — Dad's Army,(444) 648-9036,GtAhsVIaRzrFpRdFyKu,6907197145,GA,
Playaz Club — 1994 song of the same title by Rappin' 4-Tay,(560) 778-2982,cUngxdbxvBlCMrdn,1084253169,AR,
Puzzles — How I Met Your Mother,(264) 539-9136,LgMkLnhFuAet,9581820230,MI,
Copacabana — Goodfellas,(825) 805-7288,zBVBeAKZJ,1638920847,RI,
Steinway Beer Garden — Grand Theft Auto IV,(641) 932-8291,ahAzaOlgzskYHm,2962978940,HI,
Welsh's Bar — The Deer Hunter (1978),(204) 853-6634,sgtypZkWoNINUlZd,7644146867,GA,
Low Point — How I Met Your Mother,(335) 720-9904,qMkSBWbxC,6573075726,NY,
The Rose & Thorn — The Riyria Chronicles,(219) 941-6646,cyBAsWWMXXvUDdt,3178182861,MN,
Snakehole Lounge — Parks and Recreation,(380) 686-6955,mUkZaCztpHVIXTV,5330856243,SD,
The Broken Drum/The Mended Drum — Ankh-Morpork in Terry Pratchett's Discworld,(560) 778-2982,FTVpRPv,9432288179,WV,
Black Horse — Whatever Happened to the Likely Lads?,(625) 465-1732,FSbCFtpGLeu,1640403494,ME,
 BBC radio series,(264) 539-9136,cMYudMPX,5432426638,DC,
 episode "Sunrise",(436) 324-8013,GtAhsVIaRzrFpRdFyKu,4224661961,WY,
The Ragged Flagon — The Elder Scrolls V: Skyrim (a den of thieves),(355) 737-3285,pdnra,4020957232,AR,
 episode "Charade",(662) 829-2701,WcwMNdMaoqOMTFnkd,2756397125,OK,
The Slaughtered Prince — Stardust (2007),(723) 313-3201,afDxrRGvwtyXePEgXeQ,0794545217,CT,
 2011 novel by David Foster Wallace,(975) 933-3468,qMkSBWbxC,0014165442,FL,
The Monkey Bar — Tales of the Gold Monkey,(724) 868-8104,aEFWCD,5029998347,ME,
Flanagan's Cocktails & Dreams — Cocktail,(622) 351-6088,GEtCTQBuBxHjLGQ,9484551319,ME,
 episode "Lone Gunmen",(264) 539-9136,diOKL,6715446378,MO,
Sandbox — How I Met Your Mother,(769) 400-2541,WcwMNdMaoqOMTFnkd,7614939036,CT,
The Old Haunt — Castle,(460) 330-2674,cEqJG,9930016471,CT,
 Being Human novels[1],(582) 640-5360,qzSQTQImakUPY,9744171933,OR,
 episode "The Snowmen",(232) 338-3323,FCRyIZ,3609943921,RI,
Gaston's — Beauty and the Beast (1991),(528) 438-3310,OdROrFvLjhfn,3593979935,KS,
Lusty Leopard — How I Met Your Mother,(826) 806-8072,SwUwIrksArHxRbOtsNv,3671561095,MO,
 Being Human novels[1],(331) 891-7914,RLukQlrxksjRjaYQjoZz,2086764523,AL,
The Moonrakers — Hobson's Choice,(979) 514-5679,KprmPIOxea,9174936081,HI,
Club Obi Wan — Indiana Jones and the Temple of Doom (1984),(643) 327-3798,LOqpHQoEJt,5435785539,LA,
China Coast — Alias Nick Beal,(818) 332-1000,mQKBM,0080205352,CA,
 episode "Gary Blauman",(967) 682-9571,DAhmibabDnJwATEbr,3951531607,MS,
The Last Chance Saloon — The Rifleman,(426) 765-3084,FCRyIZ,1286802520,CO,
The Shakespeare — Being Human,(528) 438-3310,zBVBeAKZJ,2700998104,DE,
E[edit],(955) 646-4001,SRuKBSBp,1793338015,FL,
SaxonwoldShebeen — Saxonwold,(547) 521-6601,iBaKq,5813562690,CO,
Crab Shack (formerly Ernie's Crab Shack) — My Name is Earl (2005),(967) 682-9571,FSbCFtpGLeu,5420105271,IL,
 Part 1 and Henry IV,(689) 942-6305,iBaKq,8558183829,AR,
Puzzles — How I Met Your Mother,(955) 646-4001,kJcaAxPMYjvHQnDIIe,2941976936,KS,
Titty Twister — From Dusk Till Dawn (1996),(350) 809-3855,aHViKlBpV,0301589794,AZ,
Fitzgerald's — Ballykissangel,(472) 299-8437,bjFBxlEu,7784303552,CO,
The Winchester Club — Minder,(825) 805-7288,MRnQNysKkV,0301589794,MO,
The Silver Dollar Saloon — Bonanza,(826) 806-8072,cUngxdbxvBlCMrdn,5924522008,NE,
Maxwell's Nightclub (Metropolis) — Smallville,(662) 829-2701,WXPCsQIopsQIHw,8522558422,WI,
The Drunken Huntsman — The Elder Scrolls V: Skyrim,(576) 833-3441,VxpLUTXUXt,7053912887,RI,
Milliway's — Restaurant at the End of the Universe,(707) 438-9674,KPFgmVWDzrQOv,9724398631,WY,
Dal Riata — Lost Girl,(603) 274-9446,VLoofM,2941976936,MA,
Club Sugar Ray — Harlem Nights (1989),(426) 765-3084,sgtypZkWoNINUlZd,4219905182,SD,
The Domain of the King Bar and Grille — Mostly Harmless,(380) 686-6955,eeKcKFZpMOQTNty,9920364657,MO,
 a short 1958 sci-fi novel by Fritz Leiber,(967) 682-9571,GEtCTQBuBxHjLGQ,2370221807,NY,
 The Green Lantern — The Long Goodbye,(976) 658-8811,cyBAsWWMXXvUDdt,7808949929,MA,
The Dog in the Pond — Hollyoaks,(769) 400-2541,WcwMNdMaoqOMTFnkd,6117695166,MO,
F[edit],(455) 269-3147,FCRyIZ,9337324603,AZ,
Joe's — Grey's Anatomy,(828) 959-1289,DuHTDrfngt,4756266395,OR,
The Mohune Arms — Moonfleet,(787) 677-3966,iBaKq,2263911885,TN,
H[edit],(756) 914-1573,qFZyr,9351563781,AK,
The Hip Joint — Futurama (1999),(436) 324-8013,eeKcKFZpMOQTNty,5113083325,HI,
Titty Twister — From Dusk Till Dawn (1996),(622) 286-1124,aEFWCD,9025990443,UT,
 by Raymond Chandler,(902) 940-6870,cJjtLirPRbzKXQTWfxc,4022756076,UT,
The Old Haunt — Castle,(643) 327-3798,KWTdwvIgBmWrY,0366988683,NH,
Stan Mikita's Donuts — Wayne's World (1992),(704) 229-7495,kJcaAxPMYjvHQnDIIe,7805932965,DE,
Wandin Valley RSL — A Country Practice,(407) 486-9848,VLoofM,8329350348,NV,
The Rabennest (Raven's Nest) — Wolfenstein,(204) 853-6634,qLxhsiLTDCGrMCxNIFoJ,6073089207,OK,
Muggy's — Fangirl,(641) 932-8291,JbEMvY,5298440434,GA,
 Hackney),(711) 586-4308,XAhHVTjjTQFJcMG,6276724566,OR,
 episode "Fast Enough",(802) 900-9835,mQKBM,5726178058,AL,
The Learned Goat — Bone Tomahawk,(341) 264-1421,XQkoxDNpYnXfX,9630792305,NE,
The King and Queen Tavern — The Elder Scrolls IV: Oblivion,(223) 451-6214,KPFgmVWDzrQOv,1281356058,MO,
Bo Ling Chop Suey Palace — A Christmas Story,(965) 594-3244,ciazPsbeywuBYM,7285477992,ND,
Noah's Bar — Home and Away,(341) 264-1421,PdosmDgiHf,3386367603,MN,
Founding Fathers — Bones,(622) 286-1124,tUXtZFqgoabz,3451193782,MO,
The Red Boot Pub — Grounded for Life,(281) 658-1479,nPZeeNQPmHaswXYmQS,9570124932,AL,
The Eolian - The Kingkiller Chronicle,(502) 440-3222,MswgVNVjY,2542055697,WI,
The Hip Joint — Futurama (1999),(281) 658-1479,ZlTKonSjwG,4907333401,FL,
The Brick — Northern Exposure,(472) 299-8437,YTXhp,9835347375,AZ,
Fitzgerald's — Ballykissangel,(817) 225-3731,DuHTDrfngt,7470293780,IN,
Puzzles — How I Met Your Mother,(460) 660-9681,SGoCjsapEP,1067489922,MO,
The Brick — Northern Exposure,(231) 773-3676,RLukQlrxksjRjaYQjoZz,9718804992,AZ,
Free the Paedos — Super Hans' suggested pub name in Peep Show,(288) 738-6276,KWTdwvIgBmWrY,9119398592,DE,
Fool and Bladder — Sir Henry at Rawlinson End,(787) 677-3966,FCRyIZ,3012087811,AR,
Rosie's Bar — M*A*S*H,(204) 853-6634,VLoofM,7784303552,MS,
Shooters — Melrose Place,(380) 686-6955,vIXwFY,5259959358,AZ,
 by Kingsley Amis [3],(539) 216-4373,mIJDLo,9151817891,CT,
The Jockey — Shameless,(687) 952-8834,MRnQNysKkV,1411950450,VT,
Central Perk — Friends,(724) 868-8104,XQkoxDNpYnXfX,3666667520,WY,
The Ivy Bush — in the Westfarthing of the Shire,(519) 256-1779,WjpUBVYFy,2352267196,VA,
Greely's — Unforgiven (1992),(689) 942-6305,PAasBYvBr,0182215619,DE,
The Bannered Mare — The Elder Scrolls V: Skyrim,(408) 308-1637,hGaNlarkleHyZdogWymi,6031820958,AZ,
The Hand & Racquet,(332) 815-7645,mIJDLo,1279307504,DE,
Seagrass — Arrow,(788) 308-2578,GtAhsVIaRzrFpRdFyKu,0518869218,PA,
Weatherfield Arms (known as the "Weathy Arms") — Coronation Street,(603) 274-9446,FSbCFtpGLeu,2973407016,MO,
McGinty's — Frasier (Martin Crane's hangout after Duke's pub is closed down),(426) 765-3084,aEFWCD,5474242729,CT,
The Oak and Crosier — The Elder Scrolls IV: Oblivion,(707) 438-9674,DkgnmDV,0550224626,NH,
The Downy Pelican — Poet's Pub (1949),(582) 640-5360,rwmsoZ,8613036065,RI,
The Tropicana — I Love Lucy,(723) 313-3201,FUnaI,2756397125,AK,
Torchy's — Streets of Fire (1984),(625) 465-1732,SRuKBSBp,0901225850,GA,
The Green Dragon in Hobbiton — Lord of the Rings,(756) 914-1573,UXrEXjkEpnEKPdGPDos,1858765937,MI,
The Smack — Rapscallion by James McGee,(436) 324-8013,SwUwIrksArHxRbOtsNv,2984168273,MO,
Jack's Crocodile Bar -- "Where deals are made over a beer and a bite." -- "American Gods",(603) 274-9446,DAhmibabDnJwATEbr,7614939036,WY,
Harry Hope's Saloon — The Iceman Cometh,(436) 324-8013,GHMrHDaeiC,6330961604,ND,
The Silent Woman — The Scarecrow of Romney Marsh,(975) 933-3468,mIJDLo,6766824727,MN,
The Six Jolly Fellowship Porters — Our Mutual Friend,(287) 479-2490,eeKcKFZpMOQTNty,7975858563,WY,
The Flying Horse — Coronation Street's other pub,(787) 677-3966,rwmsoZ,9842294384,CT,
The Fisherman's Arms — Stormbreaker by Anthony Horowitz,(288) 738-6276,FSbCFtpGLeu,0555389941,ME,
Vesuvio — The Sopranos,(643) 327-3798,isIlxQggMbzmyWDeS,9723017508,MO,
Maxwell's Nightclub (Metropolis) — Smallville,(689) 942-6305,GGUvjYZmxSTgxhCa,9831880429,NH,
The Ragged Flagon — The Elder Scrolls V: Skyrim (a den of thieves),(662) 829-2701,CidYnE,1414998137,ME,
Friendsy's — Seeking a Friend for the End of the World,(641) 932-8291,qMkSBWbxC,9899496153,CA,
The Hound Pits Pub — Dishonored,(250) 665-7321,iBaKq,5136500408,AK,
The Moon Under Water — "The Moon Under Water",(259) 385-7742,FCRyIZ,5432426638,MO,
The Cat & Fiddle — the other pub in The Archers,(722) 370-6001,PdosmDgiHf,1212456875,WV,
The Punch Tavern — Oblivion by Anthony Horowitz,(664) 905-7176,FTVpRPv,0200004554,MO,
 episode "Legacies",(288) 738-6276,aHViKlBpV,2243830879,FL,
 after which he frequents McGinty's),(444) 648-9036,SRuKBSBp,1077180347,MT,
Fangtasia — True Blood (2008),(460) 660-9681,pdnra,1331777689,MA,
The Goat — Raven's Gate by Anthony Horowitz,(301) 623-6286,GHMrHDaeiC,7560679288,AL,
Vesuvio — The Sopranos,(339) 382-8591,PIlFxWMCFMgzWYhpebtP,3414779406,TN,
Titty Twister — From Dusk Till Dawn (1996),(902) 940-6870,aHViKlBpV,9988476752,OR,
 episode "The Lighthouse",(826) 664-5436,PAasBYvBr,7650267558,ND,
Rovers Return Inn — Coronation Street,(539) 216-4373,KprmPIOxea,9205837808,SD,
 episode "Day One",(455) 269-3147,ZlTKonSjwG,4181765929,NY,
Jenny's — Still Game,(643) 327-3798,znNiblgEAF,4515779485,GA,
 episode "Day One",(817) 225-3731,mQKBM,0123789056,SD,
The Three Broomsticks — Harry Potter series,(321) 556-9661,vIXwFY,6088039665,ND,
The Tall Ship — River City,(634) 295-8630,hNfavOCVeivafVmk,3259741419,CT,
Greely's — Unforgiven (1992),(264) 539-9136,GtAhsVIaRzrFpRdFyKu,4337496052,OR,
The Ragged Flagon — The Elder Scrolls V: Skyrim (a den of thieves),(967) 682-9571,MbPHymLleVRzlRyPxzp,0811907911,MO,
The Last Resort — Total Recall (1990),(307) 875-2404,cJjtLirPRbzKXQTWfxc,7278644691,CT,
The Admiral Benbow Inn — Treasure Island,(634) 295-8630,iBaKq,0396231617,HI,
Dog And Duck — No Angels (2004-2006),(287) 479-2490,YtbUcQIVtbFRN,3615562136,NE,
Sandbox — How I Met Your Mother,(625) 465-1732,GepHphxGkVGmYJ,1547833600,AK,
Free the Paedos — Super Hans' suggested pub name in Peep Show,(281) 658-1479,GEtCTQBuBxHjLGQ,9840939358,LA,
The Lamb & Flag — Bottom (1991-1995),(339) 382-8591,SwUwIrksArHxRbOtsNv,7442136684,CT,
 1979 song by Rupert Holmes,(582) 640-5360,nPZeeNQPmHaswXYmQS,9182638865,TN,
Bunnys — The Young Doctors,(817) 225-3731,DuHTDrfngt,2925821313,MD,
The Fiesty Goat Pub — Eurotrip,(482) 523-1438,UXrEXjkEpnEKPdGPDos,6212850786,MS,
The Drunken Dragon Inn — The Elder Scrolls IV: Oblivion,(232) 338-3323,KWTdwvIgBmWrY,4255957972,FL,
The Nag's Head — Only Fools and Horses,(331) 891-7914,afDxrRGvwtyXePEgXeQ,8463778981,VT,
China Coast — Alias Nick Beal,(967) 682-9571,lQEfrLg,2338528809,ND,
Jack's Crocodile Bar -- "Where deals are made over a beer and a bite." -- "American Gods",(825) 805-7288,vVjjt,6194222166,DC,
Milliway's — Restaurant at the End of the Universe,(321) 556-9661,MRnQNysKkV,7096273938,CO,
Playaz Club — 1994 song of the same title by Rappin' 4-Tay,(539) 951-9381,VxpLUTXUXt,3127457809,IL,
The Spotted Dog — Game On,(536) 610-7655,isIlxQggMbzmyWDeS,3813614381,WY,
Korova Milk Bar — A Clockwork Orange,(407) 486-9848,QsDhvI,9671829797,SD,
The Boom Boom Room — Life (1999),(436) 324-8013,vIXwFY,8467446549,IL,
The Bronze — Buffy the Vampire Slayer (1997),(407) 486-9848,heQJVn,3371900497,FL,
The Sole Regret — Bastion video game,(625) 465-1732,aEFWCD,1432211442,NH,
The Tall Ship — River City,(851) 705-8483,afDxrRGvwtyXePEgXeQ,4432761199,HI,
Dorsia — American Psycho (2000),(582) 640-5360,FTVpRPv,1088128035,WI,
The Oak and Crosier — The Elder Scrolls IV: Oblivion,(622) 351-6088,FUnaI,6563161725,NC,
The Flowing Bowl — The Elder Scrolls IV: Oblivion,(643) 327-3798,lQEfrLg,5728181053,KS,
The Admiral Benbow Inn — Treasure Island,(902) 940-6870,cMYudMPX,6134760461,NY,
The Dog and Dart — Mount Pleasant,(536) 610-7655,KWTdwvIgBmWrY,3962032755,AR,
McGinty's — Frasier (Martin Crane's hangout after Duke's pub is closed down),(826) 664-5436,UXrEXjkEpnEKPdGPDos,2624700581,OR,
 a series of neo-noir comics by Frank Miller,(560) 778-2982,aHViKlBpV,9596301410,AZ,
Flanahan's Hole — Community,(350) 809-3855,EIQnqBUjwIxS,8017396686,ME,
 30 High Street,(723) 313-3201,cMYudMPX,5397861344,MA,
Sandbox — How I Met Your Mother,(376) 359-2019,XQkoxDNpYnXfX,0435395123,AR,
The Three Sisters' Inn — The Elder Scrolls IV: Oblivion,(281) 658-1479,qMkSBWbxC,1787863798,IN,
Titty Typhoon — Danganronpa 2: Goodbye Despair,(334) 594-9500,CidYnE,8900860022,NE,
000 Streets Under the Sky by Patrick Hamilton,(643) 327-3798,OdROrFvLjhfn,6488946823,OR,
Colonial Taphouse — Fallout 4,(724) 868-8104,GepHphxGkVGmYJ,8747855559,ME,
 in Peep Show,(704) 229-7495,cMYudMPX,0435913547,AR,
The Grey Mare — The Elder Scrolls IV: Oblivion,(502) 440-3222,MswgVNVjY,2194801050,NE,
Underworld Tavern - Deus Ex,(288) 738-6276,SGoCjsapEP,6089096383,UT,
F[edit],(634) 295-8630,aHViKlBpV,6719590441,DE,
The Pilgrim's Rest — The Elder Scrolls III: Morrowind,(641) 932-8291,RLukQlrxksjRjaYQjoZz,8176722047,NC,
The Aidensfield Arms — Heartbeat,(440) 321-3100,cMYudMPX,0879497903,NE,
Vesuvio — The Sopranos,(457) 701-7964,MbPHymLleVRzlRyPxzp,8255458933,DE,
Cooper's — King of Queens,(339) 382-8591,PdosmDgiHf,8086288410,ME,
Louie's — TaleSpin,(472) 299-8437,YTXhp,9745705475,CA,
Alibi Bar — Nick Knatterton,(307) 875-2404,rwmsoZ,1419233143,NV,
 a series of contemporary fantasy/mystery novels written by Jim Butcher,(724) 868-8104,EXsxJQS,3163526240,NH,
Candlehearth Hall — The Elder Scrolls V: Skyrim,(444) 648-9036,SRuKBSBp,0010421363,GA,
St. Elmo's Bar — St. Elmo's Fire (1985),(407) 486-9848,bNQVwc,7054301340,WY,
The Wakeley Arms — Straw Dogs,(924) 289-8402,cJjtLirPRbzKXQTWfxc,7354424597,IL,
The Last Resort — Total Recall (1990),(872) 487-4928,ZlTKonSjwG,4219905182,VA,
Tabard — The Canterbury Tales by Geoffrey Chaucer,(817) 225-3731,rFEMAicf,7966271662,PA,
The Intersection — How I Met Your Mother,(408) 308-1637,FCRyIZ,3843932916,ND,
Rick's Café Américain — Casablanca,(408) 308-1637,yvsxNzBUG,8430038446,OR,
 East Cheam — Hancock's Half Hour,(287) 479-2490,OdROrFvLjhfn,8467446549,VT,
The Grasshopper — The Titfield Thunderbolt,(976) 658-8811,XRtnbKONdDCKGhO,6013289529,CT,
Palace Saloon (1885) — Back to the Future Part III (1990),(457) 701-7964,mIJDLo,9721928062,OR,
H[edit],(287) 479-2490,ciazPsbeywuBYM,3323627185,MS,
The Goat — Raven's Gate by Anthony Horowitz,(436) 324-8013,qzSQTQImakUPY,9903896855,DC,
Muggy's — Fangirl,(817) 225-3731,JbEMvY,6917047353,IN,
Tavern — Over the Garden Wall (2014 miniseries),(874) 648-1708,vIXwFY,0215192309,AL,
Ten Forward — Star Trek: The Next Generation,(843) 876-7257,CidYnE,8279971309,FL,
The Grey Mare — The Elder Scrolls IV: Oblivion,(622) 351-6088,YtbUcQIVtbFRN,1053351632,UT,
Salty Sailor Tavern — World of Warcraft,(576) 833-3441,DAhmibabDnJwATEbr,9333038794,CT,
MacLaren's Pub — How I Met Your Mother (2005),(436) 324-8013,cUngxdbxvBlCMrdn,4588346221,IL,
Wonder Bar — Wonder Bar (1934),(334) 594-9500,LgMkLnhFuAet,7645348209,NY,
 starring James Stewart,(625) 465-1732,ZlTKonSjwG,4313818315,MO,
Underworld Tavern - Deus Ex,(376) 359-2019,qzSQTQImakUPY,5223553036,DE,
The Clansman — Still Game,(603) 274-9446,FUnaI,6770058128,DC,
The Old Haunt — Castle,(622) 286-1124,GGUvjYZmxSTgxhCa,9245665979,WV,
 on his second album Don't Fight the Feelin',(219) 941-6646,GEtCTQBuBxHjLGQ,3063455326,MO,
The Broken Drum/The Mended Drum — Ankh-Morpork in Terry Pratchett's Discworld,(965) 594-3244,JbEMvY,5880943803,CA,
The Lost Lady Saloon — The Outlaw Josey Wales,(975) 933-3468,GuAMjsGVN,6478558246,DC,
Kadie's Club Pecos — Sin City,(389) 877-7945,XAhHVTjjTQFJcMG,6132730374,CO,
The Drunken Clam — the bar and primary haunt of Peter Griffin in Family Guy,(281) 658-1479,iBaKq,8863772057,PA,
The Lion and Unicorn — The Long Good Friday (1980),(826) 664-5436,nPZeeNQPmHaswXYmQS,7678816118,MO,
The Drunken Clam — the bar and primary haunt of Peter Griffin in Family Guy,(335) 720-9904,rwmsoZ,6697041549,NH,
B[edit],(972) 769-2769,FTVpRPv,6740163911,CA,
 by Raymond Chandler,(874) 648-1708,FUnaI,8446978613,ND,
 episode "The Snowmen",(622) 286-1124,mIJDLo,0128550317,MN,
 episode "Partners in Crime",(259) 385-7742,DuHTDrfngt,7457219646,CO,
 episode "Challenge Accepted",(902) 940-6870,KPFgmVWDzrQOv,7470991181,AR,
The Dog and Partridge — Dad's Army,(711) 586-4308,SGoCjsapEP,6535191513,NC,
Talon — Smallville (2001),(723) 313-3201,DkgnmDV,7834087165,LA,
The Five Claws Lodge — The Elder Scrolls IV: Oblivion,(769) 400-2541,cMYudMPX,9124577887,NY,
The Foaming Flask — The Elder Scrolls IV: Oblivion,(625) 465-1732,tjqMIvvNtxlPYAPEsB,2886441643,CA,
Old Prospector Saloon — Fallout: New Vegas,(975) 933-3468,KprmPIOxea,9624711597,AL,
The Broken Drum/The Mended Drum — Ankh-Morpork in Terry Pratchett's Discworld,(969) 543-6991,vIXwFY,5528297298,AR,
The Broken Stool — The Cleveland Show,(331) 891-7914,cyBAsWWMXXvUDdt,4271592468,MN,
Old Prospector Saloon — Fallout: New Vegas,(722) 370-6001,diOKL,8040353249,TN,
McGinty's — Early Edition (1996),(872) 487-4928,JbEMvY,7771304555,DE,
Mad Dog Saloon — Bill & Ted's Excellent Adventure,(341) 264-1421,DuHTDrfngt,7339246954,ME,
Underworld Tavern - Deus Ex,(582) 640-5360,rwmsoZ,8249911374,HI,
The Domain of the King Bar and Grille — Mostly Harmless,(584) 288-2248,LOqpHQoEJt,1823909019,CT,
Underworld Tavern - Deus Ex,(584) 288-2248,OdROrFvLjhfn,6774905867,CO,
McGinty's — Boondock Saints (1999),(355) 737-3285,afDxrRGvwtyXePEgXeQ,8789113490,MT,
Gaston's — Beauty and the Beast (1991),(902) 940-6870,DuHTDrfngt,4904902596,MO,
 Hackney),(426) 765-3084,afDxrRGvwtyXePEgXeQ,6679780081,UT,
The Slaughtered Prince — Stardust (2007),(582) 640-5360,iBaKq,6275665400,TN,
The Swan & Paedo — a compromise proposal,(281) 658-1479,hGaNlarkleHyZdogWymi,7935014727,HI,
Silver-Blood Inn — Skyrim,(874) 648-1708,zBVBeAKZJ,8452035653,NV,
 by Kingsley Amis [3],(547) 521-6601,pdnra,2504879720,MA,
The Malt Shovel — formerly the other pub in Emmerdale,(288) 738-6276,rwmsoZ,9121529975,WV,
Fitzgerald's — Ballykissangel,(436) 324-8013,VLoofM,9658853290,WV,
Paddy's Pub — It's Always Sunny in Philadelphia,(457) 701-7964,GepHphxGkVGmYJ,3143150364,NE,
The Eolian - The Kingkiller Chronicle,(562) 507-7384,aUUUnZbWGQXgqa,5351026410,CT,
Low Point — How I Met Your Mother,(440) 321-3100,FUnaI,4112136361,CO,
The Orange Tree — Teachers (2004),(560) 778-2982,SwUwIrksArHxRbOtsNv,2542291637,HI,
 90210 (1990),(547) 521-6601,qLxhsiLTDCGrMCxNIFoJ,4467610627,TN,
Mr. Pubbs — Cheers,(972) 769-2769,WXPCsQIopsQIHw,3701454666,CA,
 episode "Roulette",(826) 664-5436,SRuKBSBp,0505039336,NC,
 episode "Lone Gunmen",(724) 868-8104,mUkZaCztpHVIXTV,3018598876,IA,
Mulberry Street Bar — The Godfather Part III,(662) 829-2701,JbEMvY,3192969298,NY,
MacLaren's Pub — How I Met Your Mother (2005),(444) 648-9036,sgtypZkWoNINUlZd,7390663389,NY,
 1979 song by Rupert Holmes,(662) 829-2701,siiWmYqPTHuJwxoP,8402067321,HI,
Lucky Lockup — The Elder Scrolls III: Morrowind,(519) 256-1779,KWTdwvIgBmWrY,3494110996,UT,
Shooters — Melrose Place,(502) 440-3222,XRtnbKONdDCKGhO,9941767588,NY,
Inn of the Last Home — Dragonlance,(264) 539-9136,qzSQTQImakUPY,0194107171,CO,
Louie's — TaleSpin,(457) 701-7964,rwmsoZ,9379970750,MO,
The Railway Arms — Life on Mars,(828) 959-1289,WXPCsQIopsQIHw,6573075726,ND,
The Alibi Room — Shameless,(502) 440-3222,mUkZaCztpHVIXTV,7608094973,SD,
Verdant — Arrow (2012),(259) 385-7742,bjFBxlEu,8653144252,SD,
Black Horse — Whatever Happened to the Likely Lads?,(339) 382-8591,RLukQlrxksjRjaYQjoZz,2936103879,ME,
The Pool Hall (Pleasure Island) — Pinocchio (1940),(334) 594-9500,kJcaAxPMYjvHQnDIIe,5761582841,MS,
The Venusville Bar — Total Recall (1990),(457) 701-7964,afDxrRGvwtyXePEgXeQ,8512147009,UT,
Bodarks Bus Stop Restaurant — Starman (1984),(426) 765-3084,FTVpRPv,5218154512,AL,
Wonder Bar — Wonder Bar (1934),(444) 648-9036,GtAhsVIaRzrFpRdFyKu,0169593932,NH,
Korova Milk Bar — A Clockwork Orange,(310) 376-9557,XRtnbKONdDCKGhO,7749516724,LA,
The Archer — Two Pints of Lager and a Packet of Crisps (2001-2011),(976) 658-8811,eeKcKFZpMOQTNty,7654747626,NH,
Frostfruit Inn — The Elder Scrolls V: Skyrim,(622) 286-1124,NdjjugTHnGG,7223696535,FL,
McGinty's — Boondock Saints (1999),(528) 438-3310,EIQnqBUjwIxS,5953066521,AL,
 by Thomas Hardy,(502) 440-3222,VxpLUTXUXt,4521474722,GA,
The Moonrakers — Hobson's Choice,(350) 809-3855,KWTdwvIgBmWrY,7032072837,NY,
Trees Lounge — Trees Lounge,(788) 308-2578,FTVpRPv,1874596790,OR,
The Rabennest (Raven's Nest) — Wolfenstein,(539) 951-9381,diOKL,9244869569,CO,
The Swan & Paedo — a compromise proposal,(625) 465-1732,BNHiZsYn,9410077112,AZ,
Elfsong Tavern — Baldur's Gate: Dark Alliance,(331) 891-7914,FTVpRPv,4822620449,OR,
The Drunken Dragon Inn — The Elder Scrolls IV: Oblivion,(407) 486-9848,UXrEXjkEpnEKPdGPDos,1607889421,IL,
Lusty Leopard — How I Met Your Mother,(634) 295-8630,qFZyr,4357409403,DC,
 episode "Challenge Accepted",(825) 805-7288,UXrEXjkEpnEKPdGPDos,5700958373,KS,
Y Deri Arms — Pobol y Cwm (1974),(817) 225-3731,eeKcKFZpMOQTNty,4207659507,NV,
 a dystopian novel by Anthony Burgess & its 1971 film adaptation,(219) 941-6646,DAhmibabDnJwATEbr,9191994912,AL,
The Griffin — New Girl,(502) 440-3222,JbEMvY,2049060752,IL,
The Orange Tree — Teachers (2004),(288) 738-6276,mUkZaCztpHVIXTV,0178856001,ND,
The Crazy Cock — Far Cry 3,(778) 430-9211,eeKcKFZpMOQTNty,8807504844,IA,
The Foaming Flask — The Elder Scrolls IV: Oblivion,(332) 815-7645,tUXtZFqgoabz,5772312379,UT,
The Crown — Men Behaving Badly (1992-1998),(547) 521-6601,mQKBM,4978044173,MN,
Y Deri Arms — Pobol y Cwm (1974),(584) 288-2248,MswgVNVjY,5772312379,AK,
The Grind & Jolt Cafe — Arrow,(851) 705-8483,PAasBYvBr,8900860022,NE,
 episode "The Offer"; The Flash,(539) 951-9381,zBVBeAKZJ,5113083325,MA,
Kennedy's — Scarlett,(310) 376-9557,FSbCFtpGLeu,2813605221,OR,
Dagmar — the pub where Angie Watts works in EastEnders,(519) 256-1779,LOqpHQoEJt,3386367603,KS,
 aka "Chalmun's Cantina" — the bar in Star Wars Episode IV: A New Hope,(687) 952-8834,KWTdwvIgBmWrY,8025056715,MN,
The Three Broomsticks — Harry Potter series,(643) 327-3798,WjpUBVYFy,2230585731,GA,
The Frozen Hearth — The Elder Scrolls V: Skyrim,(259) 385-7742,KPFgmVWDzrQOv,2977134700,DE,
The Count's Arms — The Elder Scrolls IV: Oblivion,(250) 665-7321,vIXwFY,4410549129,VT,
The Plumbers Arms — Teachers (2001-2003),(288) 738-6276,siiWmYqPTHuJwxoP,4667511333,DC,
Tabard — The Canterbury Tales by Geoffrey Chaucer,(972) 769-2769,MRnQNysKkV,8893782951,SC,
The White Hart — The Anti-Death League,(407) 486-9848,bjFBxlEu,8236104238,AR,
Korova Milk Bar — A Clockwork Orange,(825) 805-7288,zBVBeAKZJ,3456915277,DC,
Mr. Pubbs — Cheers,(502) 440-3222,heQJVn,5953066521,CO,
 episode "The Shakespeare Code",(219) 941-6646,YTXhp,6718429840,UT,
 1892) — Doctor Who,(689) 942-6305,lQEfrLg,0304131623,ME,
 BBC radio series,(576) 833-3441,diOKL,8843975367,SC,
 later renamed Bob's Country Kitchen in the sequel,(408) 308-1637,qFZyr,3510589252,CO,
D[edit],(232) 338-3323,SwUwIrksArHxRbOtsNv,3211394432,NC,
Vardi's — The Big Sleep,(536) 610-7655,LOqpHQoEJt,2141729354,MA,
H[edit],(662) 829-2701,XAhHVTjjTQFJcMG,8572203510,CA,
Corrado Italian Bistro — Arrow,(407) 486-9848,FUnaI,7294698606,HI,
Louie's — TaleSpin,(281) 658-1479,NdjjugTHnGG,0851750804,NY,
The Griffin — New Girl,(440) 321-3100,tUXtZFqgoabz,6697041549,FL,
Romanoff's — The Little Sister by Raymond Chandler,(778) 430-9211,FCRyIZ,6003646282,AZ,
The Green Man — The Wicker Man,(536) 610-7655,CidYnE,3585717120,MO,
Vardi's — The Big Sleep,(539) 216-4373,MswgVNVjY,1850170378,VA,
The Bannered Mare — The Elder Scrolls V: Skyrim,(472) 299-8437,WcwMNdMaoqOMTFnkd,9246505575,MI,
Lucky Lockup — The Elder Scrolls III: Morrowind,(975) 933-3468,YtbUcQIVtbFRN,0758910449,SD,
Kavanagh's Irish Pub — The Wire,(724) 868-8104,DAhmibabDnJwATEbr,2360112938,MA,
Charlie's — Harvey (1950),(687) 952-8834,bNQVwc,4959477815,MO,
The Crazy Cock — Far Cry 3,(536) 610-7655,isIlxQggMbzmyWDeS,0337917236,DC,
Broken Keel Tavern — World of Warcraft,(560) 778-2982,siiWmYqPTHuJwxoP,9171761844,AR,
Wonder Bar — Wonder Bar (1934),(967) 682-9571,QsDhvI,4524140919,TN,
 episode "Partners in Crime",(287) 479-2490,PdosmDgiHf,0527470953,KS,
 by Raymond Chandler,(979) 514-5679,hGaNlarkleHyZdogWymi,6641642792,MT,
The Kit Kat Klub — Cabaret,(689) 942-6305,NdjjugTHnGG,9625490724,CT,
Steinway Beer Garden — Grand Theft Auto IV,(625) 465-1732,YtbUcQIVtbFRN,0251591871,ME,
The Angler's Rest — the Mr. Mulliner books by P. G. Wodehouse: Meet Mr Mulliner (1927),(472) 299-8437,GEtCTQBuBxHjLGQ,2589763287,WV,
Inn of the Last Home — Dragonlance,(802) 900-9835,GepHphxGkVGmYJ,5828571316,CO,
C[edit],(440) 321-3100,XQkoxDNpYnXfX,0463942379,WI,
Shooters — Melrose Place,(547) 521-6601,zBVBeAKZJ,8272199180,KS,
Titty Typhoon — Danganronpa 2: Goodbye Despair,(622) 351-6088,zBVBeAKZJ,5276903161,AK,
Deville — Arrow,(259) 385-7742,ImEcCSwpNBBjLuxzkQ,9186077697,VA,
Titty Twister — From Dusk Till Dawn (1996),(711) 586-4308,nPZeeNQPmHaswXYmQS,7716421682,NY,
New York Bar (atop the Park Hyatt Tokyo) — Lost in Translation (2003),(955) 646-4001,cUngxdbxvBlCMrdn,5870132399,GA,
H[edit],(334) 594-9500,EIQnqBUjwIxS,8833758575,KS,
Dorsia — American Psycho (2000),(872) 487-4928,MswgVNVjY,0380740294,DE,
 by Raymond Chandler,(223) 451-6214,ImEcCSwpNBBjLuxzkQ,9119398592,VT,
Seagrass — Arrow,(448) 698-2982,XRtnbKONdDCKGhO,1974153095,CT,
Cheers — Cheers,(339) 382-8591,MRnQNysKkV,5313009821,AK,
C[edit],(972) 769-2769,cMYudMPX,3952340818,PA,
The Moon Under Water — "The Moon Under Water",(976) 658-8811,PAasBYvBr,7547918426,ME,
 Stock and Two Smoking Barrels (1998),(689) 942-6305,qMkSBWbxC,0664631704,NH,
Talon — Smallville (2001),(826) 806-8072,tUXtZFqgoabz,3200804953,MO,
Muggy's — Fangirl,(562) 507-7384,SGoCjsapEP,7700491790,TN,
De Rossi's Wine Bar — Doctor Who,(288) 738-6276,qMkSBWbxC,8183123658,KS,
Night Spot — Torchwood,(321) 556-9661,qLxhsiLTDCGrMCxNIFoJ,1112463670,UT,
The Queen's Haemorrhoids — Jabberwocky (1977),(444) 648-9036,pdnra,0560207590,AK,
Weatherfield Arms (known as the "Weathy Arms") — Coronation Street,(724) 868-8104,GtAhsVIaRzrFpRdFyKu,6215121484,KS,
The Fisherman's Arms — Stormbreaker by Anthony Horowitz,(769) 400-2541,aHViKlBpV,2890119704,GA,
Harry Hope's Saloon — The Iceman Cometh,(643) 327-3798,kJcaAxPMYjvHQnDIIe,0810639396,KS,
The George III — Rip Van Winkle by Washington Irving; changed its name to the George Washington Hotel after 1776,(704) 229-7495,WcwMNdMaoqOMTFnkd,9935195713,AL,
The Boar's Head — Henry IV,(722) 370-6001,PdosmDgiHf,6103128843,DE,
MacLaren's Pub — How I Met Your Mother (2005),(539) 216-4373,FUnaI,5842060603,MI,
 1599) — Doctor Who,(204) 853-6634,heQJVn,5966767891,FL,
The Plumbers Arms — Teachers (2001-2003),(259) 385-7742,cEqJG,2886441643,NV,
 by Kingsley Amis [3],(622) 286-1124,qMkSBWbxC,0203986893,HI,
Boobies — Space Dandy,(830) 651-1296,aEFWCD,1035856533,WY,
Dog And Duck — No Angels (2004-2006),(818) 332-1000,aUUUnZbWGQXgqa,0645148173,AR,
The Six Jolly Fellowship Porters — Our Mutual Friend,(664) 905-7176,tVOfVLTQ,2045484856,AR,
Playaz Club — 1994 song of the same title by Rappin' 4-Tay,(376) 359-2019,dxCpjqqwUz,8467161929,MI,
Maccadam's Old Oil House — Transformers franchise,(961) 439-6491,aUUUnZbWGQXgqa,6517839973,ME,
 30 High Street,(965) 764-4863,UXrEXjkEpnEKPdGPDos,2325153917,NH,
Inn of Ill Omen — The Elder Scrolls IV: Oblivion,(622) 286-1124,SwUwIrksArHxRbOtsNv,8402024477,CO,
Fitzgerald's — Ballykissangel,(547) 521-6601,diOKL,3703180632,LA,
Inn of the Last Home — Dragonlance,(457) 701-7964,bNQVwc,5997407613,UT,
Broken Keel Tavern — World of Warcraft,(955) 646-4001,cUngxdbxvBlCMrdn,7577506013,ME,
Founding Fathers — Bones,(603) 274-9446,vVjjt,5522913924,NY,
000 Streets Under the Sky by Patrick Hamilton,(339) 382-8591,kJcaAxPMYjvHQnDIIe,8219361042,CT,
The Count's Arms — The Elder Scrolls IV: Oblivion,(455) 269-3147,ahAzaOlgzskYHm,9790384424,AK,
Charlie's — Neighbours,(448) 698-2982,bjFBxlEu,3558194269,NH,
Kennedy's — Scarlett,(223) 451-6214,ImEcCSwpNBBjLuxzkQ,8613359368,AR,
The Black Lion — Dad's Army,(622) 286-1124,hGaNlarkleHyZdogWymi,5505541444,WV,
Romanoff's — The Little Sister by Raymond Chandler,(562) 507-7384,ciazPsbeywuBYM,9149214187,KS,
The Foaming Flask — The Elder Scrolls IV: Oblivion,(264) 539-9136,rwmsoZ,3951463591,AR,
The Grapes — Early Doors,(769) 400-2541,bNQVwc,6308134186,KS,
The Golden Perch — Lord of the Rings,(389) 877-7945,ahAzaOlgzskYHm,5601885946,KS,
The White Swan — Man About the House,(426) 765-3084,SWJyatpbHlzSX,3717883220,NH,
The Old Haunt — Castle,(426) 765-3084,aUUUnZbWGQXgqa,6212212701,GA,
Romanoff's — The Little Sister by Raymond Chandler,(408) 308-1637,siiWmYqPTHuJwxoP,9121529975,CT,
The Slaughtered Lamb — An American Werewolf in London (1981),(924) 289-8402,PdosmDgiHf,8369512118,WV,
Deville — Arrow,(562) 507-7384,vIXwFY,3532778082,NC,
000 Streets Under the Sky by Patrick Hamilton,(573) 231-2744,RLukQlrxksjRjaYQjoZz,6474097304,PA,
O'Malley's Bar — 1996 song of the same name by Nick Cave and the Bad Seeds,(562) 507-7384,UXrEXjkEpnEKPdGPDos,5152550310,LA,
 by J. Meade Faulkner,(707) 438-9674,mQKBM,9692586836,HI,
Dal Riata — Lost Girl,(440) 321-3100,GepHphxGkVGmYJ,0366509542,AZ,
The Raven — Marion Ravenwood's bar in Nepal in Raiders of the Lost Ark of the Indiana Jones franchise,(389) 877-7945,mQKBM,1564672383,TN,
The Winchester Tavern — Shaun of the Dead (2004),(818) 332-1000,hGaNlarkleHyZdogWymi,8293666846,AL,
The Lamb & Flag — Bottom (1991-1995),(622) 286-1124,LgMkLnhFuAet,8432360453,MA,
The Rabennest (Raven's Nest) — Wolfenstein,(788) 308-2578,MRnQNysKkV,7263885403,MO,
 fifth novel in The Hitchhiker's Guide to the Galaxy series by Douglas Adams,(825) 805-7288,PAasBYvBr,0052483904,TN,
The Silent Woman — The Scarecrow of Romney Marsh,(961) 439-6491,OdROrFvLjhfn,0123789056,UT,
The Jockey — Shameless,(204) 853-6634,VLoofM,7653897833,AZ,
 fifth novel in The Hitchhiker's Guide to the Galaxy series by Douglas Adams,(817) 225-3731,EIQnqBUjwIxS,0897313140,IL,
Jenny's — Still Game,(622) 286-1124,ElstokWwsfuj,9608622775,SD,
Dog And Duck — No Angels (2004-2006),(460) 330-2674,KWTdwvIgBmWrY,8887180467,OR,
The Hip Joint — Futurama (1999),(250) 665-7321,GEtCTQBuBxHjLGQ,6770058128,WI,
 East Cheam — Hancock's Half Hour,(331) 891-7914,DkgnmDV,0814501547,MI,
The Punch Tavern — Oblivion by Anthony Horowitz,(704) 229-7495,PIlFxWMCFMgzWYhpebtP,1727537905,DC,
The Sole Regret — Bastion video game,(408) 308-1637,qMkSBWbxC,1968827754,AK,
Low Point — How I Met Your Mother,(664) 905-7176,ElstokWwsfuj,0521195737,GA,
Vesuvio — The Sopranos,(407) 486-9848,GepHphxGkVGmYJ,8918145136,KS,
 later renamed Bob's Country Kitchen in the sequel,(969) 543-6991,siiWmYqPTHuJwxoP,2332269483,WY,
The Grapes — Early Doors,(457) 701-7964,YTXhp,6098640320,CO,
LUX — Lucifer,(975) 933-3468,DAhmibabDnJwATEbr,0117385920,AK,
The Lost Lady Saloon — The Outlaw Josey Wales,(250) 665-7321,dyYqHYWn,5211670756,WV,
The Crow's Nest — The Perfect Storm (2000),(664) 905-7176,yvsxNzBUG,8644696032,FL,
The Cat & Fiddle — the other pub in The Archers,(902) 940-6870,XQkoxDNpYnXfX,7658288384,NH,
The Boatman — Four Weddings and a Funeral (1994); The Kings Arms,(830) 651-1296,rwmsoZ,0741747237,NY,
Samoan Joe's — Lock,(818) 332-1000,FTVpRPv,7053912887,MS,
 the bar downstairs from Nate's apartment,(972) 769-2769,hNfavOCVeivafVmk,4045213074,TN,
Glenister's — Life on Mars (U.S. version); a "cop bar" named in tribute to Philip Glenister of the original version,(332) 815-7645,VxpLUTXUXt,3022272064,CT,
Fitzgerald's — Ballykissangel,(924) 289-8402,MVJELwFUqogMx,3040233416,MT,
 Part 1 and Henry IV,(874) 648-1708,DkgnmDV,9191994912,MD,
 by J. Meade Faulkner,(376) 359-2019,aUUUnZbWGQXgqa,9841280766,NY,
F[edit],(707) 438-9674,ImEcCSwpNBBjLuxzkQ,1583723075,NE,
 on his second album Don't Fight the Feelin',(843) 876-7257,GuAMjsGVN,7154568998,MO,
The Three Sisters' Inn — The Elder Scrolls IV: Oblivion,(843) 876-7257,yvsxNzBUG,5232642457,DE,
 1939 play by Eugene O'Neill,(826) 806-8072,LOqpHQoEJt,1417026904,NV,
 1892) — Doctor Who,(472) 299-8437,cyBAsWWMXXvUDdt,5206349633,AL,
Cocktails and Dreams — Cocktail (1988),(603) 274-9446,SWJyatpbHlzSX,9761419133,UT,
Founding Fathers — Bones,(472) 299-8437,vVjjt,5097849167,TN,
Stone's Throw/Scorched Bone/Setting Sun — A Darker Shade of Magic by V.E. Schwab,(307) 875-2404,KPFgmVWDzrQOv,2117413308,NH,
The Dog and Partridge — Dad's Army,(641) 932-8291,ciazPsbeywuBYM,0532126318,MT,
Mystic Grill — The Vampire Diaries,(560) 778-2982,qLxhsiLTDCGrMCxNIFoJ,9999127246,AZ,
The Brass Lantern — Fallout 3,(321) 556-9661,heQJVn,1086218471,NE,
 1984 novel by William Gibson,(288) 738-6276,VxpLUTXUXt,2432453716,DE,
Electric Psychedelic Pussycat Swingers Club — Austin Powers: International Man of Mystery,(232) 338-3323,OdROrFvLjhfn,8550761577,UT,
The Bull — The Archers,(389) 877-7945,SWJyatpbHlzSX,7313376004,NE,
The Drunken Clam — the bar and primary haunt of Peter Griffin in Family Guy,(802) 900-9835,SRuKBSBp,2576748594,FL,
The Place — The Big Time,(408) 308-1637,znNiblgEAF,4034435107,MI,
Fortune Casino (Metropolis) — Smallville,(967) 682-9571,eeKcKFZpMOQTNty,7439381773,IA,
Puzzles — How I Met Your Mother,(264) 539-9136,hGaNlarkleHyZdogWymi,3157398682,UT,
The Crow's Nest — The Perfect Storm (2000),(472) 299-8437,SWJyatpbHlzSX,9856841152,MO,
The Flowing Bowl — The Elder Scrolls IV: Oblivion,(825) 805-7288,tVOfVLTQ,9162039770,NV,
 Disney TV miniseries starring Patrick McGoohan (1963); episode 1 and 3,(232) 338-3323,UXrEXjkEpnEKPdGPDos,8633747286,CO,
H[edit],(355) 737-3285,GepHphxGkVGmYJ,6225870152,CT,
The Blue Parrot — rival bar run by Sydney Greenstreet's character Signor Ferrari in Casablanca,(250) 665-7321,GEtCTQBuBxHjLGQ,3005613838,ME,
Mystic Grill — The Vampire Diaries,(264) 539-9136,GEtCTQBuBxHjLGQ,8089524536,HI,
The Garrison — Peaky Blinders,(704) 229-7495,cMYudMPX,0378104576,HI,
The Broken Drum/The Mended Drum — Ankh-Morpork in Terry Pratchett's Discworld,(979) 514-5679,pdnra,8179264313,SC,
Jack Rabbit Slim's — Pulp Fiction,(307) 875-2404,RLukQlrxksjRjaYQjoZz,4508399019,MO,
The Intersection — How I Met Your Mother,(972) 769-2769,cyBAsWWMXXvUDdt,2439893933,AZ,
Grilby's — Undertale,(547) 521-6601,KWTdwvIgBmWrY,4356855619,TN,
The Spotted Dog — Game On,(335) 720-9904,tjqMIvvNtxlPYAPEsB,4606261160,ND,
The Skinners Arms — Steptoe and Son,(724) 868-8104,tVOfVLTQ,0399245032,NY,
Trees Lounge — Trees Lounge,(582) 640-5360,LgMkLnhFuAet,7777404743,GA,
Roulette (Metropolis) — Smallville,(448) 698-2982,BNHiZsYn,7834087165,HI,
The Boom Boom Room — Life (1999),(440) 321-3100,VxpLUTXUXt,4128296731,CO,
Cooper's — King of Queens,(335) 720-9904,XAhHVTjjTQFJcMG,6774994813,SC,
Elfsong Tavern — Baldur's Gate: Dark Alliance,(826) 664-5436,qMkSBWbxC,3040233416,NH,
The Bronze — Buffy the Vampire Slayer (1997),(355) 737-3285,aEFWCD,7583252739,TN,
Mystic Grill — The Vampire Diaries,(310) 376-9557,LOqpHQoEJt,1078640448,AK,
Candlehearth Hall — The Elder Scrolls V: Skyrim,(603) 274-9446,vVjjt,6852803445,IL,
 episode "Mixology Certification",(979) 514-5679,qMkSBWbxC,6017349724,MI,
The Grind & Jolt Cafe — Arrow,(519) 256-1779,tjqMIvvNtxlPYAPEsB,8807504844,CO,
P3 — Charmed,(327) 687-6223,isIlxQggMbzmyWDeS,6450844046,NH,
The Green Man — The Wicker Man,(310) 376-9557,WjpUBVYFy,5760196197,ME,
Shooters — Melrose Place,(802) 900-9835,MVJELwFUqogMx,0257589419,MD,
The Red Pony — Longmire,(204) 853-6634,ImEcCSwpNBBjLuxzkQ,0505039336,WY,
 1976 song by Thin Lizzy,(902) 940-6870,aEFWCD,1452033815,NE,
Dugout Inn — Fallout 4,(350) 809-3855,PAasBYvBr,2925778774,HI,
The Iron Horse — Freaks and Geeks,(327) 687-6223,siiWmYqPTHuJwxoP,4730006507,WV,
The Old Pink Dog — So Long and Thanks for All the Fish by Douglas Adams,(281) 658-1479,cJjtLirPRbzKXQTWfxc,6814199002,WV,
Samoan Joe's — Lock,(787) 677-3966,ciazPsbeywuBYM,6603158661,NV,
Candlehearth Hall — The Elder Scrolls V: Skyrim,(872) 487-4928,ahAzaOlgzskYHm,3585519337,NE,
The Ragged Flagon — The Elder Scrolls V: Skyrim (a den of thieves),(787) 677-3966,VLoofM,0557653901,AZ,
The Anchor — Dad's Army,(817) 225-3731,MVJELwFUqogMx,1583723075,MA,
The Iron Horse — Freaks and Geeks,(455) 269-3147,EXsxJQS,7612592374,AK,
The Duke Of Burgundy — Passport to Pimlico (1949),(802) 900-9835,WcwMNdMaoqOMTFnkd,0338310278,UT,
The Nag's Head — Only Fools and Horses,(376) 359-2019,cyBAsWWMXXvUDdt,6334157863,NC,
Rovers Return Inn — Coronation Street,(972) 769-2769,cyBAsWWMXXvUDdt,5742578996,CO,
World's End Tavern — World of Warcraft,(828) 959-1289,EIQnqBUjwIxS,4234043815,CT,
The Elephant (London,(817) 225-3731,mIJDLo,4426052043,OK,
The Pool Hall (Pleasure Island) — Pinocchio (1940),(843) 876-7257,hGaNlarkleHyZdogWymi,9168584465,MS,
The Crazy Horse — The Sopranos,(472) 299-8437,LgMkLnhFuAet,2427447539,OR,
The Rose & Crown (London,(281) 658-1479,EIQnqBUjwIxS,7342248854,AR,
Moe's Tavern — The Simpsons,(664) 905-7176,eeKcKFZpMOQTNty,8000166999,AK,
The Pig and Whistle — World of Warcraft,(967) 682-9571,cJjtLirPRbzKXQTWfxc,2985702042,AZ,
Romanoff's — The Little Sister by Raymond Chandler,(460) 660-9681,PdosmDgiHf,8518665485,IN,
The Lamb & Flag — Bottom (1991-1995),(407) 486-9848,GtAhsVIaRzrFpRdFyKu,1564672383,HI,
MacLaren's Pub (East Side) — How I Met Your Mother,(872) 487-4928,mQKBM,7315713078,MS,
The Queen's Haemorrhoids — Jabberwocky (1977),(287) 479-2490,mIJDLo,9350882551,WV,
Trees Lounge — Trees Lounge,(204) 853-6634,bjFBxlEu,9299173382,NE,
 aka "Chalmun's Cantina" — the bar in Star Wars Episode IV: A New Hope,(769) 400-2541,EIQnqBUjwIxS,9797646073,NY,
The Brass Lantern — Fallout 3,(722) 370-6001,YTXhp,6523106217,NC,
Colonial Taphouse — Fallout 4,(460) 330-2674,SWJyatpbHlzSX,5495892528,AZ,
The Boar's Head — Henry IV,(444) 648-9036,EIQnqBUjwIxS,7021901857,AR,
The Pool Hall (Pleasure Island) — Pinocchio (1940),(455) 269-3147,SwUwIrksArHxRbOtsNv,2792419844,TN,
The Pilgrim's Rest — The Elder Scrolls III: Morrowind,(689) 942-6305,PAasBYvBr,7710275798,ME,
The Crow & Crown — Withnail and I (1987),(802) 900-9835,KWTdwvIgBmWrY,4798212535,WY,
The Drunken Huntsman — The Elder Scrolls V: Skyrim,(472) 299-8437,FUnaI,2352267196,MA,
Club Obi Wan — Indiana Jones and the Temple of Doom (1984),(436) 324-8013,DAhmibabDnJwATEbr,3077439397,WV,
Mickey Finn's Palace — Way Out West,(769) 400-2541,dyYqHYWn,0627528312,ME,
Romanoff's — The Little Sister by Raymond Chandler,(961) 439-6491,EIQnqBUjwIxS,8600928249,IN,
Brady Pub — Days of Our Lives,(828) 959-1289,yvsxNzBUG,9048354865,SC,
Jenny's — Still Game,(704) 229-7495,MswgVNVjY,1393567472,NH,
The Crow's Nest — The Perfect Storm (2000),(955) 646-4001,KWTdwvIgBmWrY,1229302939,TN,
Vesuvio — The Sopranos,(817) 225-3731,SWJyatpbHlzSX,9635718916,FL,
Elfsong Tavern — Baldur's Gate: Dark Alliance,(460) 330-2674,KprmPIOxea,3833237513,AZ,
Noah's Bar — Home and Away,(582) 640-5360,KPFgmVWDzrQOv,8256379459,MS,
The Hip Joint — Futurama (1999),(573) 231-2744,JbEMvY,1807017181,ND,
Candlehearth Hall — The Elder Scrolls V: Skyrim,(560) 778-2982,bjFBxlEu,7173797958,NY,
 BBC radio series,(457) 701-7964,dyYqHYWn,9262196056,DC,
Moe's Tavern — The Simpsons,(965) 764-4863,ntwWEKmcbPeGGV,7500428581,MO,
 Mr Mulliner Speaking (1929),(872) 487-4928,SWJyatpbHlzSX,2807879716,MI,
The Swan — Jez's proposed pub name in Peep Show (filmed at the Mitre,(634) 295-8630,cEqJG,1910411344,PA,
The Anchor — Dad's Army,(818) 332-1000,aHViKlBpV,3639267724,WV,
 second novel in The Hitchhiker's Guide to the Galaxy series by Douglas Adams,(979) 514-5679,ciazPsbeywuBYM,1042373011,MT,
The Peach Pit — Beverly Hills,(223) 451-6214,lQEfrLg,5795631055,VT,
Club Pluto — The Adventures of Pluto Nash (2002),(687) 952-8834,isIlxQggMbzmyWDeS,1082607523,MI,
The Crown — Men Behaving Badly (1992-1998),(707) 438-9674,ImEcCSwpNBBjLuxzkQ,7654747626,SC,
Bo Ling Chop Suey Palace — A Christmas Story,(562) 507-7384,hGaNlarkleHyZdogWymi,1892561609,MT,
 by Raymond Chandler,(689) 942-6305,dyYqHYWn,9187471530,MT,
The Fiesty Goat Pub — Eurotrip,(584) 288-2248,rFEMAicf,4606261160,AL,
Welsh's Bar — The Deer Hunter (1978),(625) 465-1732,BNHiZsYn,9536558181,LA,
The Feed Bag — The Elder Scrolls IV: Oblivion,(448) 698-2982,SGoCjsapEP,9261104913,AR,
The Place — The Big Time,(955) 646-4001,WjpUBVYFy,7702621088,AZ,
The Malt Shovel — formerly the other pub in Emmerdale,(389) 877-7945,cyBAsWWMXXvUDdt,0117385920,FL,
Callahan's Place — Callahan's Crosstime Saloon,(582) 640-5360,PIlFxWMCFMgzWYhpebtP,2304807522,NH,
The Bamboo Lounge — Goodfellas (1990),(802) 900-9835,isIlxQggMbzmyWDeS,9348071157,HI,
 episode "Gary Blauman",(448) 698-2982,cyBAsWWMXXvUDdt,8867617415,NY,
The White Swan — Man About the House,(643) 327-3798,cEqJG,2493430943,PA,
Free the Paedos — Super Hans' suggested pub name in Peep Show,(350) 809-3855,YtbUcQIVtbFRN,6257781684,MT,
The Drunken Huntsman — The Elder Scrolls V: Skyrim,(961) 439-6491,MRnQNysKkV,2808580210,OK,
Kennedy's — Scarlett,(711) 586-4308,pdnra,8512147009,RI,
 BBC radio series,(872) 487-4928,MbPHymLleVRzlRyPxzp,4596516040,MS,
Meibeyer's — The Pale King,(818) 332-1000,dxCpjqqwUz,2786051101,DE,
The Cap & Bell — Saloon Bar (1940),(219) 941-6646,WXPCsQIopsQIHw,7740645363,HI,
Seagrass — Arrow,(482) 523-1438,mQKBM,2720123650,MO,
Chatsubo — Neuromancer,(625) 465-1732,eeKcKFZpMOQTNty,3527557144,UT,
 1984 novel by William Gibson,(826) 806-8072,LgMkLnhFuAet,9682235933,MS,
Sandbox — How I Met Your Mother,(979) 514-5679,KPFgmVWDzrQOv,9425625608,MS,
The Venusville Bar — Total Recall (1990),(436) 324-8013,OdROrFvLjhfn,2893760234,IL,
Founding Fathers — Bones,(769) 400-2541,qMkSBWbxC,8747294489,SD,
The Admiral's Arms — Queen of the Damned,(965) 594-3244,tjqMIvvNtxlPYAPEsB,6597259143,NH,
 Stock and Two Smoking Barrels (1998),(756) 914-1573,siiWmYqPTHuJwxoP,7546133709,DC,
The Spotted Dog — Game On,(924) 289-8402,afDxrRGvwtyXePEgXeQ,4115580124,AR,
Table Salt — Arrow,(711) 586-4308,aUUUnZbWGQXgqa,8166020306,MO,
 episode "Charade",(723) 313-3201,EIQnqBUjwIxS,7808949929,FL,
 episode "Lone Gunmen",(380) 686-6955,FSbCFtpGLeu,7560893666,IN,
Torchy's — Streets of Fire (1984),(528) 438-3310,WcwMNdMaoqOMTFnkd,6699846623,IA,
World's End Tavern — World of Warcraft,(547) 521-6601,KWTdwvIgBmWrY,7542664480,MA,
Poor Richard's — The Office,(769) 400-2541,eeKcKFZpMOQTNty,8497206256,AZ,
 in Peep Show,(724) 868-8104,afDxrRGvwtyXePEgXeQ,1173204788,DE,
The Wicked Kiss — Alexa O'Brien series,(955) 646-4001,vVjjt,6852803445,WV,
The Rat in the Pot — The Elder Scrolls III: Morrowind,(444) 648-9036,siiWmYqPTHuJwxoP,1114160437,FL,
Windpeak Inn — Skyrim,(851) 705-8483,XAhHVTjjTQFJcMG,7016471035,MO,
The Woolpack — Emmerdale,(662) 829-2701,aUUUnZbWGQXgqa,2510626222,NE,
 Stock and Two Smoking Barrels (1998),(331) 891-7914,ntwWEKmcbPeGGV,4872704725,NE,
The Punch Tavern — Oblivion by Anthony Horowitz,(687) 952-8834,SWJyatpbHlzSX,7298706336,NC,
The Old Pink Dog — So Long and Thanks for All the Fish by Douglas Adams,(562) 507-7384,cUngxdbxvBlCMrdn,0560207590,MO,
P3 — Charmed,(408) 308-1637,GGUvjYZmxSTgxhCa,8968457765,MD,
 the bar downstairs from Nate's apartment,(902) 940-6870,JbEMvY,8170925691,GA,
Poor Richard's — The Office,(327) 687-6223,isIlxQggMbzmyWDeS,3131743764,MS,
Corrado Italian Bistro — Arrow,(769) 400-2541,EXsxJQS,1555730246,LA,
Merlotte's Bar and Grill — True Blood,(722) 370-6001,lQEfrLg,8575936161,AZ,
The Shakespeare — Being Human,(440) 321-3100,XRtnbKONdDCKGhO,7648739779,IA,
The Feed Bag — The Elder Scrolls IV: Oblivion,(817) 225-3731,afDxrRGvwtyXePEgXeQ,9131766523,MS,
 episode "Mixology Certification",(204) 853-6634,GHMrHDaeiC,5660922940,MO,
Mickey Finn's Palace — Way Out West,(331) 891-7914,iBaKq,5802402621,MA,
The Wicked Kiss — Alexa O'Brien series,(965) 764-4863,vVjjt,6573535001,NE,
 episode "The Magician",(204) 853-6634,QsDhvI,2737938928,TN,
Kennedy's — Scarlett,(622) 351-6088,KPFgmVWDzrQOv,5211599536,HI,
Cockatoo Inn — Jackie Brown (1997),(310) 376-9557,XRtnbKONdDCKGhO,5829002781,MO,
G[edit],(756) 914-1573,XRtnbKONdDCKGhO,9716543708,NH,
Louie's — TaleSpin,(536) 610-7655,WcwMNdMaoqOMTFnkd,1353293654,MS,
Very Cool Secret Bar — How I Met Your Mother,(622) 286-1124,XAhHVTjjTQFJcMG,5886459165,DC,
Braidwood Inn — The Elder Scrolls V: Skyrim,(560) 778-2982,KWTdwvIgBmWrY,8168490218,CA,
Table Salt — Arrow,(407) 486-9848,EIQnqBUjwIxS,7207356377,AL,
The Flowing Bowl — The Elder Scrolls IV: Oblivion,(259) 385-7742,KprmPIOxea,8859153090,ND,
The Admiral Benbow Inn — Treasure Island,(335) 720-9904,SGoCjsapEP,0882836759,AR,
The Boom Boom Room — Life (1999),(828) 959-1289,GGUvjYZmxSTgxhCa,1079594813,AZ,
Foley's — Mrs. Brown's Boys,(965) 764-4863,cMYudMPX,5953066521,MI,
The Bamboo Lounge — Goodfellas (1990),(825) 805-7288,aHViKlBpV,3999825166,WY,
 on their 6th studio album Jailbreak,(448) 698-2982,eeKcKFZpMOQTNty,9032370075,HI,
Trees Lounge — Trees Lounge,(643) 327-3798,MRnQNysKkV,2059535420,WY,
 1946 essay by George Orwell,(969) 543-6991,GepHphxGkVGmYJ,9201053117,HI,
The Crab Shed — How I Met Your Mother,(582) 640-5360,FCRyIZ,6042959794,CO,
Club Sugar Ray — Harlem Nights (1989),(528) 438-3310,rFEMAicf,6004705485,AR,
Wandin Valley RSL — A Country Practice,(778) 430-9211,zBVBeAKZJ,7851826821,CO,
 Being Human novels[1],(634) 295-8630,tjqMIvvNtxlPYAPEsB,1867775474,CT,
Table Salt — Arrow,(223) 451-6214,diOKL,6233370855,KS,
The Bamboo Lounge — Goodfellas (1990),(332) 815-7645,eeKcKFZpMOQTNty,3219300632,ME,
Kadie's Club Pecos — Sin City,(711) 586-4308,aEFWCD,6661448307,AL,
The Winchester Tavern — Shaun of the Dead (2004),(341) 264-1421,qLxhsiLTDCGrMCxNIFoJ,7425276700,AK,
The Frozen Hearth — The Elder Scrolls V: Skyrim,(802) 900-9835,isIlxQggMbzmyWDeS,9801093354,MS,
 episode "Charade",(219) 941-6646,KPFgmVWDzrQOv,4513352044,KS,
Silver-Blood Inn — Skyrim,(307) 875-2404,BNHiZsYn,6809198076,NY,
The Rose & Thorn — The Riyria Chronicles,(707) 438-9674,nPZeeNQPmHaswXYmQS,2049060752,MT,
The Duke Of Burgundy — Passport to Pimlico (1949),(334) 594-9500,WjpUBVYFy,5770656900,FL,
Jack Rabbit Slim's — Pulp Fiction,(830) 651-1296,tVOfVLTQ,9444159590,NV,
The Admiral's Arms — Queen of the Damned,(460) 330-2674,qLxhsiLTDCGrMCxNIFoJ,7232841791,RI,
The Ink & Paint Club — Who Framed Roger Rabbit (1988),(787) 677-3966,KPFgmVWDzrQOv,4076832981,OR,
Tabard — The Canterbury Tales by Geoffrey Chaucer,(843) 876-7257,qMkSBWbxC,9996120912,CO,
Cockatoo Inn — Jackie Brown (1997),(250) 665-7321,MRnQNysKkV,1098372002,ND,
The Monkey Bar — Tales of the Gold Monkey,(287) 479-2490,tjqMIvvNtxlPYAPEsB,0417325181,AK,
The Sole Regret — Bastion video game,(603) 274-9446,OdROrFvLjhfn,8854415484,FL,
The Shakespeare — Being Human,(724) 868-8104,dyYqHYWn,4703862195,CT,
The Rabennest (Raven's Nest) — Wolfenstein,(389) 877-7945,WXPCsQIopsQIHw,9858143757,AR,
The Sole Regret — Bastion video game,(664) 905-7176,GepHphxGkVGmYJ,0499210767,AZ,
Mickey Finn's Palace — Way Out West,(281) 658-1479,LgMkLnhFuAet,9116712067,CO,
The Silent Woman — The Scarecrow of Romney Marsh,(687) 952-8834,GuAMjsGVN,1533306465,UT,
Sleeping Giant Inn — Skyrim,(902) 940-6870,GepHphxGkVGmYJ,6746776144,AL,
The Hand & Racquet,(851) 705-8483,FSbCFtpGLeu,9723017508,VT,
Bodarks Bus Stop Restaurant — Starman (1984),(711) 586-4308,ahAzaOlgzskYHm,5266464997,HI,
Flanahan's Hole — Community,(440) 321-3100,mQKBM,0508553324,ND,
 Hackney),(376) 359-2019,rwmsoZ,1776536192,AR,
Bodarks Bus Stop Restaurant — Starman (1984),(408) 308-1637,ImEcCSwpNBBjLuxzkQ,4250240130,MO,
 by J. Meade Faulkner,(334) 594-9500,mIJDLo,1564672383,AL,
The Queen's Haemorrhoids — Jabberwocky (1977),(460) 660-9681,OdROrFvLjhfn,4907333401,CT,
SaxonwoldShebeen — Saxonwold,(584) 288-2248,QsDhvI,0131089857,CA,
The Oak and Crosier — The Elder Scrolls IV: Oblivion,(724) 868-8104,hNfavOCVeivafVmk,7282584832,OR,
Copa — Rownd a Rownd,(622) 351-6088,cMYudMPX,5111340903,HI,
Charlie's — Neighbours,(707) 438-9674,sgtypZkWoNINUlZd,2511510779,GA,
Frostfruit Inn — The Elder Scrolls V: Skyrim,(955) 646-4001,iBaKq,1631247307,WV,
The Bull — The Archers,(967) 682-9571,qFZyr,8255458933,CT,
The Place — The Big Time,(321) 556-9661,FCRyIZ,0235012378,MO,
 1946 essay by George Orwell,(969) 543-6991,tjqMIvvNtxlPYAPEsB,6919644919,MO,
Club Pluto — The Adventures of Pluto Nash (2002),(472) 299-8437,KWTdwvIgBmWrY,1226463360,MA,
The Leaky Cauldron — a public house in the Harry Potter series and the entryway into Diagon Alley in London,(460) 330-2674,WjpUBVYFy,0435913547,TN,
The Venusville Bar — Total Recall (1990),(662) 829-2701,sgtypZkWoNINUlZd,0570953079,ME,
Crab Shack (formerly Ernie's Crab Shack) — My Name is Earl (2005),(924) 289-8402,GtAhsVIaRzrFpRdFyKu,2297632625,WY,
The Buck's Head Inn — Far from the Madding Crowd,(664) 905-7176,ElstokWwsfuj,3136439373,NH,
The Bronze — Buffy the Vampire Slayer (1997),(264) 539-9136,XQkoxDNpYnXfX,7097485007,WV,
 episode "The Lighthouse",(334) 594-9500,LgMkLnhFuAet,0385072710,CO,
 by Raymond Chandler,(408) 308-1637,KprmPIOxea,6895233337,CT,
The Snug — Life on Mars (U.S. version),(576) 833-3441,heQJVn,7924640543,WY,
SaxonwoldShebeen — Saxonwold,(723) 313-3201,ImEcCSwpNBBjLuxzkQ,6150686018,AR,
Mickey's — Hell on Wheels,(969) 543-6991,CidYnE,2909658352,MA,
The Grapes — Early Doors,(528) 438-3310,JbEMvY,9326996772,CO,
 Part 2 by William Shakespeare,(851) 705-8483,BNHiZsYn,6459021297,NV,
Korova Milk Bar — A Clockwork Orange,(711) 586-4308,XQkoxDNpYnXfX,6603158661,TN,
The Queen's Haemorrhoids — Jabberwocky (1977),(622) 286-1124,WcwMNdMaoqOMTFnkd,1555730246,CT,
 1979 song by Rupert Holmes,(264) 539-9136,GuAMjsGVN,3231251231,GA,
Kennedy's — Scarlett,(259) 385-7742,GuAMjsGVN,1715612510,WV,
The Iron Horse — Freaks and Geeks,(528) 438-3310,ntwWEKmcbPeGGV,4474299231,MS,
Inn of the Last Home — Dragonlance,(519) 256-1779,rwmsoZ,3064563774,MA,
F[edit],(979) 514-5679,ciazPsbeywuBYM,7999542194,NC,
Boobies — Space Dandy,(380) 686-6955,XQkoxDNpYnXfX,8112893134,WV,
Muggy's — Fangirl,(339) 382-8591,mIJDLo,1774113919,AR,
The Crown — Men Behaving Badly (1992-1998),(528) 438-3310,UXrEXjkEpnEKPdGPDos,0861149119,MS,
The Clansman — Still Game,(584) 288-2248,KEenSyCXfojlJTr,4356855619,ME,
 1984 novel by William Gibson,(573) 231-2744,tVOfVLTQ,9694629489,NY,
 by Thomas Hardy,(539) 216-4373,ImEcCSwpNBBjLuxzkQ,6314851161,FL,
The Black Swan — Family Affairs,(219) 941-6646,DuHTDrfngt,6314851161,WI,
Tavern — Over the Garden Wall (2014 miniseries),(756) 914-1573,FCRyIZ,3438472920,MA,
 fifth novel in The Hitchhiker's Guide to the Galaxy series by Douglas Adams,(872) 487-4928,nPZeeNQPmHaswXYmQS,7078813025,AK,
Night Spot — Torchwood,(528) 438-3310,KPFgmVWDzrQOv,2366897445,CA,
The Pilgrim's Rest — The Elder Scrolls III: Morrowind,(979) 514-5679,MRnQNysKkV,7331822516,NY,
Torchy's — Streets of Fire (1984),(924) 289-8402,dxCpjqqwUz,1786857542,DC,
The Winchester Club — Minder,(965) 594-3244,znNiblgEAF,7979359571,AZ,
Korova Milk Bar — A Clockwork Orange,(788) 308-2578,aEFWCD,7011514498,CT,
The Hanged Man — Dragon Age II,(830) 651-1296,qFZyr,1572584913,SC,
The Sole Regret — Bastion video game,(380) 686-6955,dyYqHYWn,6050580627,MA,
The Old Haunt — Castle,(722) 370-6001,aHViKlBpV,2545840019,SD,
Shooters — Melrose Place,(723) 313-3201,GEtCTQBuBxHjLGQ,1967720716,MI,
Night Spot — Torchwood,(436) 324-8013,tjqMIvvNtxlPYAPEsB,5393147752,AZ,
The Third Rail — Fallout 4,(830) 651-1296,FTVpRPv,5267079211,HI,
Wonder Bar — Wonder Bar (1934),(502) 440-3222,FCRyIZ,9876495348,NH,
The Pool Hall (Pleasure Island) — Pinocchio (1940),(341) 264-1421,PAasBYvBr,5171366207,HI,
 episode "The Beer is Always Greener",(482) 523-1438,pdnra,2059535420,CT,
Wandin Valley RSL — A Country Practice,(967) 682-9571,CidYnE,0138376166,OK,
D[edit],(979) 514-5679,hGaNlarkleHyZdogWymi,1675864019,MD,
The Boom Boom Room — Life (1999),(341) 264-1421,ntwWEKmcbPeGGV,9608622775,ND,
 episode "Challenge Accepted",(334) 594-9500,zBVBeAKZJ,7502226600,OR,
The Third Rail — Fallout 4,(965) 764-4863,WjpUBVYFy,3610957715,PA,
The Rabennest (Raven's Nest) — Wolfenstein,(802) 900-9835,KWTdwvIgBmWrY,2255633664,MO,
McGinty's — Early Edition (1996),(979) 514-5679,VLoofM,2591369454,IA,
The Eolian - The Kingkiller Chronicle,(969) 543-6991,CidYnE,0539224773,CT,
 fifth novel in The Hitchhiker's Guide to the Galaxy series by Douglas Adams,(723) 313-3201,nPZeeNQPmHaswXYmQS,2804913458,UT,
The Black Swan — Family Affairs,(482) 523-1438,PdosmDgiHf,2276838846,CT,
The Red Boot Pub — Grounded for Life,(264) 539-9136,cyBAsWWMXXvUDdt,2391771532,LA,
Rick's Café Américain — Casablanca,(448) 698-2982,tUXtZFqgoabz,8973675589,SD,
Vardi's — The Big Sleep,(704) 229-7495,LOqpHQoEJt,4208788761,AL,
P3 — Charmed,(689) 942-6305,qLxhsiLTDCGrMCxNIFoJ,3355990381,TN,
The Lion and Unicorn — The Long Good Friday (1980),(788) 308-2578,CidYnE,0855179311,CO,
Club Pluto — The Adventures of Pluto Nash (2002),(622) 286-1124,XQkoxDNpYnXfX,7601973574,MO,
The Downy Pelican — Poet's Pub (1949),(756) 914-1573,tjqMIvvNtxlPYAPEsB,0397320607,NE,
The Rabennest (Raven's Nest) — Wolfenstein,(547) 521-6601,GtAhsVIaRzrFpRdFyKu,3360908005,CA,
C[edit],(756) 914-1573,ImEcCSwpNBBjLuxzkQ,3567166977,MS,
Rick's Café Américain — Casablanca,(457) 701-7964,MswgVNVjY,7724500681,ND,
The Gentleman Loser — Neuromancer by William Gibson; name comes from the track "Midnite Cruiser" on the 1972 Steely Dan album Can't Buy a Thrill,(334) 594-9500,OdROrFvLjhfn,7979359571,MA,
 Amersham,(502) 440-3222,ntwWEKmcbPeGGV,3976353982,NV,
Noah's Bar — Home and Away,(641) 932-8291,aEFWCD,8694468448,NH,
The Last Chance Saloon — The Rifleman,(321) 556-9661,afDxrRGvwtyXePEgXeQ,3530795197,CT,
Dino's Bar and Grill — The Boys Are Back In Town,(444) 648-9036,qFZyr,8886505910,UT,
The Dog in the Pond — Hollyoaks,(350) 809-3855,ciazPsbeywuBYM,5638487172,MI,
 by Charles Dickens,(332) 815-7645,GHMrHDaeiC,5462235486,WY,
The Brick — Northern Exposure,(539) 951-9381,EIQnqBUjwIxS,0455318678,MI,
The Ink & Paint Club — Who Framed Roger Rabbit (1988),(232) 338-3323,hGaNlarkleHyZdogWymi,8011110233,NE,
Café René — 'Allo 'Allo!,(828) 959-1289,GtAhsVIaRzrFpRdFyKu,4269563064,ND,
Kennedy's — Scarlett,(965) 594-3244,XQkoxDNpYnXfX,3128591626,NE,
West Weald Inn — The Elder Scrolls IV: Oblivion,(826) 664-5436,YTXhp,7470991181,ME,
Electric Psychedelic Pussycat Swingers Club — Austin Powers: International Man of Mystery,(576) 833-3441,WjpUBVYFy,3563344152,AZ,
Daddy Crab Leg's Crab Shack — Saving Hope,(528) 438-3310,UXrEXjkEpnEKPdGPDos,3047852034,MT,
Cheers — Cheers,(460) 660-9681,GepHphxGkVGmYJ,2131805206,NC,
 episode "How Your Mother Met Me",(969) 543-6991,GEtCTQBuBxHjLGQ,3460311113,NE,
Free the Paedos — Super Hans' suggested pub name in Peep Show,(455) 269-3147,afDxrRGvwtyXePEgXeQ,1629482317,IA,
 episode "Gary Blauman",(828) 959-1289,cyBAsWWMXXvUDdt,2542291637,FL,
New York Bar (atop the Park Hyatt Tokyo) — Lost in Translation (2003),(802) 900-9835,dxCpjqqwUz,6773934707,AZ,
 on their 9th studio album Murder Ballads,(689) 942-6305,MswgVNVjY,6774905867,MI,
 TV series starring Richard Greene),(457) 701-7964,WXPCsQIopsQIHw,0654912274,AK,
 episode "The Shakespeare Code",(818) 332-1000,mQKBM,8211369806,AL,
The Ink & Paint Club — Who Framed Roger Rabbit (1988),(502) 440-3222,aUUUnZbWGQXgqa,2586876699,HI,
New York Bar (atop the Park Hyatt Tokyo) — Lost in Translation (2003),(264) 539-9136,yvsxNzBUG,0153865528,OR,
The Hound Pits Pub — Dishonored,(408) 308-1637,WjpUBVYFy,7614939036,MI,
The Ink & Paint Club — Who Framed Roger Rabbit (1988),(622) 286-1124,DuHTDrfngt,3674915721,MO,
C[edit],(380) 686-6955,cyBAsWWMXXvUDdt,4721492459,OR,
Bunnys — The Young Doctors,(321) 556-9661,diOKL,0645148173,OR,
Welsh's Bar — The Deer Hunter (1978),(965) 594-3244,MVJELwFUqogMx,2879915035,AR,
The Jockey — Shameless,(965) 764-4863,KWTdwvIgBmWrY,5313009821,MA,
 episode "How Your Mother Met Me",(408) 308-1637,cMYudMPX,1487938676,NC,
 in Peep Show,(321) 556-9661,MRnQNysKkV,4781919257,ME,
Crab Shack (formerly Ernie's Crab Shack) — My Name is Earl (2005),(259) 385-7742,BNHiZsYn,3518060777,MT,
Meibeyer's — The Pale King,(874) 648-1708,GEtCTQBuBxHjLGQ,6734325667,ND,
The Snug — Life on Mars (U.S. version),(287) 479-2490,ElstokWwsfuj,2131625256,MO,
Dexter Lake Club — National Lampoon's Animal House (1978),(287) 479-2490,XAhHVTjjTQFJcMG,1681572556,AR,
The Frozen Hearth — The Elder Scrolls V: Skyrim,(723) 313-3201,ntwWEKmcbPeGGV,8887180467,ME,
The Loft — Hollyoaks,(426) 765-3084,OdROrFvLjhfn,8468276935,ND,
 on his second album Don't Fight the Feelin',(625) 465-1732,dyYqHYWn,4965881181,MT,
The Boar's Nest — The Dukes of Hazzard,(817) 225-3731,XQkoxDNpYnXfX,4199882285,KS,
The Pilgrim's Rest — The Elder Scrolls III: Morrowind,(969) 543-6991,YtbUcQIVtbFRN,6388158166,GA,
The Learned Goat — Bone Tomahawk,(830) 651-1296,DuHTDrfngt,4965881181,CA,
Foley's — Mrs. Brown's Boys,(440) 321-3100,znNiblgEAF,0495040546,ME,
The Swan & Paedo — a compromise proposal,(664) 905-7176,qLxhsiLTDCGrMCxNIFoJ,2386660012,LA,
The Downy Pelican — Poet's Pub (1949),(301) 623-6286,FCRyIZ,7153660239,TN,
Copacabana — Goodfellas,(634) 295-8630,dyYqHYWn,0029409668,ND,
The Pig and Whistle — World of Warcraft,(723) 313-3201,zBVBeAKZJ,8300964604,FL,
 starring James Stewart,(376) 359-2019,UXrEXjkEpnEKPdGPDos,6897232300,AK,
Crab Shack (formerly Ernie's Crab Shack) — My Name is Earl (2005),(519) 256-1779,isIlxQggMbzmyWDeS,0451159424,VT,
The Silent Woman — The Scarecrow of Romney Marsh,(902) 940-6870,cUngxdbxvBlCMrdn,6084205227,AK,
Bo Ling Chop Suey Palace — A Christmas Story,(967) 682-9571,GuAMjsGVN,2767141178,NE,
The Pilgrim's Rest — The Elder Scrolls III: Morrowind,(625) 465-1732,MbPHymLleVRzlRyPxzp,2596967911,CA,
Chatsubo — Neuromancer,(482) 523-1438,vVjjt,2135381447,AL,
Milliway's — Restaurant at the End of the Universe,(622) 286-1124,vVjjt,7035548495,GA,
 by J. Meade Faulkner,(965) 764-4863,qMkSBWbxC,3487667685,UT,
Harry Hope's Saloon — The Iceman Cometh,(519) 256-1779,SGoCjsapEP,3178164862,NH,
McGinty's — Boondock Saints (1999),(334) 594-9500,YTXhp,3824176905,AZ,
The Red Pony — Longmire,(204) 853-6634,ahAzaOlgzskYHm,0106067572,MO,
Kavanagh's Irish Pub — The Wire,(310) 376-9557,KPFgmVWDzrQOv,0105842948,WV,
The Railway Arms — Life on Mars,(955) 646-4001,MVJELwFUqogMx,3719957158,MO,
The Drunken Clam — the bar and primary haunt of Peter Griffin in Family Guy,(389) 877-7945,tjqMIvvNtxlPYAPEsB,7369807163,NH,
 BBC radio series,(825) 805-7288,ElstokWwsfuj,1379299472,MI,
The White Swan — Man About the House,(376) 359-2019,iBaKq,1278602957,AK,
The Aigburth Arms — Red Dwarf,(301) 623-6286,CidYnE,3254652105,AL,
Cocktails and Dreams — Cocktail (1988),(826) 664-5436,ciazPsbeywuBYM,9973003199,CO,
 by Raymond Chandler,(310) 376-9557,siiWmYqPTHuJwxoP,9618262944,NC,
The Broken Drum/The Mended Drum — Ankh-Morpork in Terry Pratchett's Discworld,(310) 376-9557,cJjtLirPRbzKXQTWfxc,2083129462,MO,
Louie's — TaleSpin,(843) 876-7257,MRnQNysKkV,9555596446,FL,
The Green Dragon in Hobbiton — Lord of the Rings,(389) 877-7945,zBVBeAKZJ,5704809770,UT,
O'Malley's — "Escape",(482) 523-1438,aEFWCD,1408335439,WV,
 HP7 0DJ,(622) 286-1124,iBaKq,3952340818,SC,
Wandin Valley RSL — A Country Practice,(576) 833-3441,vVjjt,7899587187,RI,
The Bannered Mare — The Elder Scrolls V: Skyrim,(924) 289-8402,GuAMjsGVN,6325500354,WY,
 1892) — Doctor Who,(603) 274-9446,ElstokWwsfuj,0154535452,NY,
Vardi's — The Big Sleep,(301) 623-6286,ImEcCSwpNBBjLuxzkQ,5887694628,AR,
The Ink & Paint Club — Who Framed Roger Rabbit (1988),(219) 941-6646,mIJDLo,3068134160,MA,
Verdant — Arrow (2012),(825) 805-7288,YtbUcQIVtbFRN,0178011284,HI,
SU Bar — Hollyoaks,(231) 773-3676,dxCpjqqwUz,3817437544,MD,
The Loft — Hollyoaks,(519) 256-1779,EIQnqBUjwIxS,6049380385,NE,
The Kit Kat Klub — Cabaret,(376) 359-2019,XRtnbKONdDCKGhO,8240053621,TN,
 a series of contemporary fantasy/mystery novels written by Jim Butcher,(825) 805-7288,MswgVNVjY,4261123226,NC,
 episode "Mixology Certification",(350) 809-3855,DAhmibabDnJwATEbr,1285217537,NE,
Brady Pub — Days of Our Lives,(965) 764-4863,siiWmYqPTHuJwxoP,5562566999,FL,
Munden's Bar — Grimjack (comic),(902) 940-6870,qLxhsiLTDCGrMCxNIFoJ,8268234157,CT,
The Rose & Thorn — The Riyria Chronicles,(817) 225-3731,CidYnE,2650395744,IN,
 starring James Stewart,(457) 701-7964,tUXtZFqgoabz,5419560040,LA,
 a series of neo-noir comics by Frank Miller,(622) 351-6088,znNiblgEAF,1969623344,DC,
The Crazy Cock — Far Cry 3,(482) 523-1438,GGUvjYZmxSTgxhCa,0032795194,LA,
The Grind & Jolt Cafe — Arrow,(250) 665-7321,GtAhsVIaRzrFpRdFyKu,2335583311,MA,
The Butchers Arms — Last of the Summer Wine,(643) 327-3798,XRtnbKONdDCKGhO,8027928789,DE,
Poison — Arrow,(460) 660-9681,WjpUBVYFy,4203685340,NC,
SaxonwoldShebeen — Saxonwold,(643) 327-3798,MRnQNysKkV,4705554515,WV,
Gateway Inn — The Elder Scrolls III: Morrowind,(969) 543-6991,FSbCFtpGLeu,3378873883,AL,
The Dog in the Pond — Hollyoaks,(634) 295-8630,cMYudMPX,0784273138,ME,
 HP7 0DJ,(539) 216-4373,SRuKBSBp,9309853720,DC,
W[edit],(643) 327-3798,dxCpjqqwUz,9331142685,FL,
Mama Chow's Fine Dining — Arrow,(426) 765-3084,PAasBYvBr,0337257936,RI,
