barLicense,customerID,
iBaKq,07986675,
JbEMvY,39905135,
WXPCsQIopsQIHw,70735473,
BNHiZsYn,15410296,
VLoofM,25312125,
mQKBM,73767599,
JbEMvY,97943844,
cMYudMPX,05401337,
vIXwFY,33581972,
iBaKq,73767599,
mIJDLo,98176639,
SWJyatpbHlzSX,76663498,
YtbUcQIVtbFRN,39034886,
GEtCTQBuBxHjLGQ,53917252,
mIJDLo,99830024,
vVjjt,33188302,
DuHTDrfngt,09454694,
SRuKBSBp,04404522,
ahAzaOlgzskYHm,57946462,
OdROrFvLjhfn,33259078,
dyYqHYWn,70335529,
cUngxdbxvBlCMrdn,06124461,
LOqpHQoEJt,97943844,
CidYnE,48012198,
YTXhp,66202564,
lQEfrLg,33188302,
FCRyIZ,12882238,
KEenSyCXfojlJTr,76292299,
yvsxNzBUG,73767599,
rFEMAicf,23046677,
YtbUcQIVtbFRN,06124461,
qLxhsiLTDCGrMCxNIFoJ,48413108,
EIQnqBUjwIxS,95925637,
KPFgmVWDzrQOv,85658852,
CidYnE,88007493,
GtAhsVIaRzrFpRdFyKu,04950728,
ElstokWwsfuj,27470671,
yvsxNzBUG,82377514,
DkgnmDV,07986675,
WXPCsQIopsQIHw,07986675,
dyYqHYWn,65139322,
zBVBeAKZJ,57866978,
WcwMNdMaoqOMTFnkd,14067888,
PdosmDgiHf,60447402,
BNHiZsYn,06124461,
kJcaAxPMYjvHQnDIIe,39034886,
aUUUnZbWGQXgqa,36452039,
vIXwFY,90270578,
tjqMIvvNtxlPYAPEsB,58835719,
kJcaAxPMYjvHQnDIIe,75750295,
afDxrRGvwtyXePEgXeQ,53017568,
pdnra,69299675,
OdROrFvLjhfn,07986675,
KprmPIOxea,88392788,
mQKBM,18412960,
UXrEXjkEpnEKPdGPDos,39034886,
ntwWEKmcbPeGGV,36452039,
lQEfrLg,25161184,
FTVpRPv,64203385,
SRuKBSBp,98176639,
MswgVNVjY,06124461,
cMYudMPX,66202564,
cyBAsWWMXXvUDdt,28262447,
GepHphxGkVGmYJ,53017568,
FSbCFtpGLeu,82377514,
aUUUnZbWGQXgqa,63233203,
KEenSyCXfojlJTr,24636319,
WcwMNdMaoqOMTFnkd,88392788,
ZlTKonSjwG,90270578,
SwUwIrksArHxRbOtsNv,27470671,
afDxrRGvwtyXePEgXeQ,48123822,
rFEMAicf,64148292,
SwUwIrksArHxRbOtsNv,30840125,
GGUvjYZmxSTgxhCa,58605594,
mQKBM,46498204,
pdnra,53917252,
WXPCsQIopsQIHw,33581972,
PdosmDgiHf,64271223,
SwUwIrksArHxRbOtsNv,25312125,
DAhmibabDnJwATEbr,28097191,
QsDhvI,15942854,
SWJyatpbHlzSX,64148292,
GtAhsVIaRzrFpRdFyKu,88007493,
OdROrFvLjhfn,39905135,
diOKL,75938755,
tUXtZFqgoabz,15942854,
GtAhsVIaRzrFpRdFyKu,48012198,
isIlxQggMbzmyWDeS,18412960,
qFZyr,05401337,
GHMrHDaeiC,27831977,
dxCpjqqwUz,79325373,
EXsxJQS,48413108,
GtAhsVIaRzrFpRdFyKu,14067888,
mQKBM,53017568,
ZlTKonSjwG,05401337,
isIlxQggMbzmyWDeS,57253539,
diOKL,82377514,
UXrEXjkEpnEKPdGPDos,14067888,
XRtnbKONdDCKGhO,48413108,
cEqJG,76232530,
hGaNlarkleHyZdogWymi,25926487,
vVjjt,90270578,
GEtCTQBuBxHjLGQ,73767599,
ZlTKonSjwG,58605594,
mUkZaCztpHVIXTV,69299675,
ElstokWwsfuj,54455041,
WcwMNdMaoqOMTFnkd,33188302,
QsDhvI,36594902,
YTXhp,82377514,
FTVpRPv,39905135,
hNfavOCVeivafVmk,64148292,
MswgVNVjY,88392788,
MRnQNysKkV,15936120,
GuAMjsGVN,39905135,
DAhmibabDnJwATEbr,51422376,
hGaNlarkleHyZdogWymi,73767599,
SGoCjsapEP,23046677,
WXPCsQIopsQIHw,18768759,
DkgnmDV,53017568,
zBVBeAKZJ,70735473,
PdosmDgiHf,24636319,
iBaKq,70335529,
tjqMIvvNtxlPYAPEsB,39905135,
pdnra,04950728,
vVjjt,27470671,
MswgVNVjY,24636319,
FTVpRPv,76292299,
VxpLUTXUXt,53917252,
SwUwIrksArHxRbOtsNv,75750295,
XRtnbKONdDCKGhO,11402191,
GtAhsVIaRzrFpRdFyKu,79325373,
ciazPsbeywuBYM,88007493,
bNQVwc,27470671,
EIQnqBUjwIxS,33259078,
ZlTKonSjwG,71536449,
GuAMjsGVN,39034886,
FSbCFtpGLeu,73767599,
UXrEXjkEpnEKPdGPDos,74281364,
heQJVn,28097191,
PIlFxWMCFMgzWYhpebtP,48012198,
SWJyatpbHlzSX,21990741,
JbEMvY,51422376,
XQkoxDNpYnXfX,23046677,
diOKL,26175893,
mUkZaCztpHVIXTV,82377514,
bNQVwc,48012198,
RLukQlrxksjRjaYQjoZz,21990741,
DAhmibabDnJwATEbr,22018482,
qMkSBWbxC,33208712,
cUngxdbxvBlCMrdn,71536449,
PIlFxWMCFMgzWYhpebtP,70735473,
CidYnE,44193819,
KEenSyCXfojlJTr,33208712,
iBaKq,25161184,
hNfavOCVeivafVmk,18412960,
GEtCTQBuBxHjLGQ,75938755,
LgMkLnhFuAet,24636319,
KPFgmVWDzrQOv,82377514,
EIQnqBUjwIxS,09171947,
qzSQTQImakUPY,33188302,
cEqJG,53917252,
GepHphxGkVGmYJ,95170646,
dyYqHYWn,39034886,
MswgVNVjY,14067888,
WcwMNdMaoqOMTFnkd,60447402,
VLoofM,85658852,
GHMrHDaeiC,48012198,
pdnra,57946462,
DAhmibabDnJwATEbr,07986675,
vIXwFY,29318795,
ntwWEKmcbPeGGV,33990841,
MRnQNysKkV,73767599,
VLoofM,04950728,
PdosmDgiHf,34648993,
qLxhsiLTDCGrMCxNIFoJ,28262447,
GHMrHDaeiC,63233203,
GGUvjYZmxSTgxhCa,33188302,
ElstokWwsfuj,71536449,
vIXwFY,76663498,
cyBAsWWMXXvUDdt,25161184,
hNfavOCVeivafVmk,57253539,
MbPHymLleVRzlRyPxzp,12882238,
bjFBxlEu,18412960,
qzSQTQImakUPY,57866978,
iBaKq,14067888,
ZlTKonSjwG,90270578,
JbEMvY,45616757,
SWJyatpbHlzSX,65139322,
mIJDLo,69134237,
MbPHymLleVRzlRyPxzp,90384501,
DkgnmDV,74281364,
bjFBxlEu,04950728,
ahAzaOlgzskYHm,70335529,
SWJyatpbHlzSX,15942854,
ciazPsbeywuBYM,71536449,
dyYqHYWn,38206089,
cyBAsWWMXXvUDdt,26175893,
GtAhsVIaRzrFpRdFyKu,66202564,
YTXhp,34648993,
bNQVwc,66202564,
qLxhsiLTDCGrMCxNIFoJ,99830024,
YTXhp,13343226,
QsDhvI,04950728,
SwUwIrksArHxRbOtsNv,85658852,
zBVBeAKZJ,69134237,
MRnQNysKkV,57946462,
LOqpHQoEJt,14067888,
zBVBeAKZJ,04950728,
ahAzaOlgzskYHm,65139322,
KWTdwvIgBmWrY,53917252,
lQEfrLg,66202564,
DkgnmDV,15936120,
hNfavOCVeivafVmk,66202564,
ntwWEKmcbPeGGV,70335529,
KPFgmVWDzrQOv,57866978,
UXrEXjkEpnEKPdGPDos,90270578,
MswgVNVjY,30840125,
WcwMNdMaoqOMTFnkd,15942854,
GtAhsVIaRzrFpRdFyKu,95170646,
cUngxdbxvBlCMrdn,76134309,
ahAzaOlgzskYHm,71267334,
tUXtZFqgoabz,76663498,
MswgVNVjY,27470671,
vVjjt,21990741,
vVjjt,36452039,
ahAzaOlgzskYHm,88392788,
dyYqHYWn,38206089,
RLukQlrxksjRjaYQjoZz,95925637,
GtAhsVIaRzrFpRdFyKu,44193819,
ZlTKonSjwG,33581972,
NdjjugTHnGG,25926487,
zBVBeAKZJ,88392788,
PAasBYvBr,64271223,
kJcaAxPMYjvHQnDIIe,88392788,
CidYnE,48413108,
vVjjt,05401337,
PAasBYvBr,13343226,
kJcaAxPMYjvHQnDIIe,11402191,
aHViKlBpV,48012198,
VLoofM,95925637,
LgMkLnhFuAet,25312125,
FUnaI,98176639,
LOqpHQoEJt,53017568,
vVjjt,57253539,
aUUUnZbWGQXgqa,73767599,
qLxhsiLTDCGrMCxNIFoJ,76292299,
tjqMIvvNtxlPYAPEsB,90384501,
rFEMAicf,07986675,
znNiblgEAF,88392788,
zBVBeAKZJ,76292299,
LgMkLnhFuAet,76292299,
NdjjugTHnGG,07986675,
rFEMAicf,90384501,
sgtypZkWoNINUlZd,70735473,
iBaKq,05401337,
yvsxNzBUG,57946462,
aHViKlBpV,58605594,
yvsxNzBUG,25926487,
GHMrHDaeiC,72710724,
bNQVwc,21990741,
VxpLUTXUXt,33208712,
afDxrRGvwtyXePEgXeQ,88007493,
rFEMAicf,89631049,
PdosmDgiHf,25926487,
zBVBeAKZJ,34648993,
pdnra,34648993,
FSbCFtpGLeu,58835719,
CidYnE,22018482,
bNQVwc,09171947,
SwUwIrksArHxRbOtsNv,30840125,
dyYqHYWn,27470671,
KWTdwvIgBmWrY,27470671,
cMYudMPX,24636319,
bjFBxlEu,15936120,
cyBAsWWMXXvUDdt,76134309,
tUXtZFqgoabz,97032411,
yvsxNzBUG,75750295,
PdosmDgiHf,11402191,
ciazPsbeywuBYM,33188302,
KEenSyCXfojlJTr,98176639,
LOqpHQoEJt,24636319,
yvsxNzBUG,99830024,
WjpUBVYFy,76663498,
XQkoxDNpYnXfX,85658852,
nPZeeNQPmHaswXYmQS,99224107,
MswgVNVjY,04404522,
vIXwFY,66202564,
GepHphxGkVGmYJ,79325373,
BNHiZsYn,73767599,
cJjtLirPRbzKXQTWfxc,65139322,
rwmsoZ,21990741,
pdnra,39905135,
XAhHVTjjTQFJcMG,51422376,
CidYnE,09454694,
hNfavOCVeivafVmk,11402191,
XAhHVTjjTQFJcMG,76134309,
RLukQlrxksjRjaYQjoZz,39034886,
PIlFxWMCFMgzWYhpebtP,13343226,
GtAhsVIaRzrFpRdFyKu,33188302,
nPZeeNQPmHaswXYmQS,89631049,
GuAMjsGVN,53017568,
aHViKlBpV,04404522,
WjpUBVYFy,48413108,
ZlTKonSjwG,95170646,
rFEMAicf,71267334,
aUUUnZbWGQXgqa,76134309,
aHViKlBpV,38206089,
bNQVwc,25312125,
XQkoxDNpYnXfX,97032411,
ZlTKonSjwG,25312125,
QsDhvI,30840125,
SWJyatpbHlzSX,97032411,
KprmPIOxea,51422376,
YtbUcQIVtbFRN,38206089,
afDxrRGvwtyXePEgXeQ,24636319,
ahAzaOlgzskYHm,46135270,
hGaNlarkleHyZdogWymi,90270578,
qFZyr,75750295,
qMkSBWbxC,88392788,
SwUwIrksArHxRbOtsNv,97943844,
tVOfVLTQ,75938755,
vVjjt,53917252,
XQkoxDNpYnXfX,36452039,
ImEcCSwpNBBjLuxzkQ,75750295,
ciazPsbeywuBYM,14067888,
NdjjugTHnGG,60447402,
qFZyr,25161184,
hNfavOCVeivafVmk,46135270,
VxpLUTXUXt,39905135,
rwmsoZ,14067888,
qMkSBWbxC,66202564,
eeKcKFZpMOQTNty,75938755,
CidYnE,27831977,
GEtCTQBuBxHjLGQ,38206089,
NdjjugTHnGG,76292299,
WjpUBVYFy,95925637,
kJcaAxPMYjvHQnDIIe,15410296,
eeKcKFZpMOQTNty,63233203,
bNQVwc,09171947,
GGUvjYZmxSTgxhCa,53917252,
VLoofM,63233203,
yvsxNzBUG,15942854,
EIQnqBUjwIxS,51422376,
pdnra,97032411,
qLxhsiLTDCGrMCxNIFoJ,19842181,
heQJVn,76292299,
isIlxQggMbzmyWDeS,34648993,
ciazPsbeywuBYM,69134237,
YTXhp,27470671,
dxCpjqqwUz,15410296,
pdnra,70335529,
SwUwIrksArHxRbOtsNv,63233203,
cUngxdbxvBlCMrdn,21990741,
SGoCjsapEP,82377514,
tUXtZFqgoabz,25926487,
XQkoxDNpYnXfX,04404522,
qFZyr,07986675,
cMYudMPX,73767599,
FTVpRPv,12882238,
KPFgmVWDzrQOv,27831977,
bjFBxlEu,28097191,
eeKcKFZpMOQTNty,15942854,
siiWmYqPTHuJwxoP,66202564,
ElstokWwsfuj,21990741,
bNQVwc,89631049,
lQEfrLg,99224107,
GuAMjsGVN,46498204,
aHViKlBpV,75750295,
aUUUnZbWGQXgqa,48413108,
CidYnE,63233203,
ImEcCSwpNBBjLuxzkQ,82377514,
YtbUcQIVtbFRN,15936120,
FCRyIZ,39905135,
ZlTKonSjwG,34648993,
SGoCjsapEP,97459783,
tjqMIvvNtxlPYAPEsB,75938755,
nPZeeNQPmHaswXYmQS,71267334,
mIJDLo,76232530,
QsDhvI,71536449,
mUkZaCztpHVIXTV,07986675,
KprmPIOxea,19842181,
GHMrHDaeiC,64271223,
qMkSBWbxC,90270578,
sgtypZkWoNINUlZd,48123822,
QsDhvI,46135270,
MRnQNysKkV,73767599,
KEenSyCXfojlJTr,30840125,
DuHTDrfngt,13343226,
VLoofM,95925637,
ntwWEKmcbPeGGV,89631049,
rFEMAicf,33208712,
tjqMIvvNtxlPYAPEsB,44193819,
VLoofM,58835719,
cUngxdbxvBlCMrdn,82377514,
JbEMvY,13343226,
cyBAsWWMXXvUDdt,97032411,
DuHTDrfngt,29318795,
GGUvjYZmxSTgxhCa,97943844,
kJcaAxPMYjvHQnDIIe,76663498,
ZlTKonSjwG,97459783,
mQKBM,06124461,
nPZeeNQPmHaswXYmQS,88007493,
tUXtZFqgoabz,39034886,
ntwWEKmcbPeGGV,88392788,
vIXwFY,25161184,
ElstokWwsfuj,34648993,
GtAhsVIaRzrFpRdFyKu,57946462,
afDxrRGvwtyXePEgXeQ,80729773,
mIJDLo,74281364,
GuAMjsGVN,39034886,
kJcaAxPMYjvHQnDIIe,06124461,
kJcaAxPMYjvHQnDIIe,99830024,
VxpLUTXUXt,06124461,
MVJELwFUqogMx,38206089,
cJjtLirPRbzKXQTWfxc,29318795,
DkgnmDV,25312125,
CidYnE,79325373,
NdjjugTHnGG,85658852,
RLukQlrxksjRjaYQjoZz,99224107,
qMkSBWbxC,07986675,
afDxrRGvwtyXePEgXeQ,22018482,
tjqMIvvNtxlPYAPEsB,33208712,
diOKL,38206089,
GtAhsVIaRzrFpRdFyKu,97459783,
ciazPsbeywuBYM,57866978,
ZlTKonSjwG,65139322,
ntwWEKmcbPeGGV,60447402,
aEFWCD,07986675,
lQEfrLg,57946462,
KprmPIOxea,09171947,
YTXhp,53017568,
PAasBYvBr,25312125,
JbEMvY,95925637,
KWTdwvIgBmWrY,28262447,
hGaNlarkleHyZdogWymi,60447402,
OdROrFvLjhfn,44193819,
mUkZaCztpHVIXTV,48123822,
cEqJG,98176639,
RLukQlrxksjRjaYQjoZz,13343226,
GHMrHDaeiC,88392788,
siiWmYqPTHuJwxoP,57253539,
cJjtLirPRbzKXQTWfxc,74281364,
KPFgmVWDzrQOv,28262447,
iBaKq,14067888,
FTVpRPv,45616757,
GHMrHDaeiC,70735473,
CidYnE,58605594,
rFEMAicf,33581972,
ZlTKonSjwG,36452039,
eeKcKFZpMOQTNty,74281364,
dyYqHYWn,95925637,
cUngxdbxvBlCMrdn,90384501,
SGoCjsapEP,97032411,
KEenSyCXfojlJTr,11402191,
WjpUBVYFy,69299675,
mIJDLo,76292299,
pdnra,15942854,
aEFWCD,39905135,
kJcaAxPMYjvHQnDIIe,34648993,
dyYqHYWn,33208712,
siiWmYqPTHuJwxoP,73767599,
nPZeeNQPmHaswXYmQS,48012198,
PIlFxWMCFMgzWYhpebtP,76663498,
znNiblgEAF,69134237,
WXPCsQIopsQIHw,88007493,
znNiblgEAF,33188302,
GtAhsVIaRzrFpRdFyKu,74281364,
MbPHymLleVRzlRyPxzp,53917252,
GtAhsVIaRzrFpRdFyKu,58605594,
XRtnbKONdDCKGhO,73767599,
mIJDLo,05401337,
KWTdwvIgBmWrY,69299675,
lQEfrLg,76663498,
tUXtZFqgoabz,38206089,
EIQnqBUjwIxS,72710724,
yvsxNzBUG,21990741,
FCRyIZ,82377514,
MVJELwFUqogMx,19842181,
rFEMAicf,72710724,
aHViKlBpV,12882238,
VLoofM,89631049,
cMYudMPX,97032411,
tjqMIvvNtxlPYAPEsB,97943844,
diOKL,57946462,
tVOfVLTQ,38315512,
siiWmYqPTHuJwxoP,21990741,
hNfavOCVeivafVmk,71267334,
KprmPIOxea,51422376,
dxCpjqqwUz,38315512,
DAhmibabDnJwATEbr,99224107,
KPFgmVWDzrQOv,15936120,
zBVBeAKZJ,30840125,
ahAzaOlgzskYHm,15936120,
isIlxQggMbzmyWDeS,63233203,
GuAMjsGVN,34648993,
KprmPIOxea,18412960,
GHMrHDaeiC,45616757,
yvsxNzBUG,09454694,
YTXhp,53917252,
PIlFxWMCFMgzWYhpebtP,09454694,
FUnaI,11402191,
GtAhsVIaRzrFpRdFyKu,80729773,
QsDhvI,05401337,
rwmsoZ,58835719,
isIlxQggMbzmyWDeS,64203385,
yvsxNzBUG,23046677,
VLoofM,36452039,
aUUUnZbWGQXgqa,64148292,
YtbUcQIVtbFRN,14067888,
tUXtZFqgoabz,27831977,
ZlTKonSjwG,11402191,
VLoofM,09454694,
FCRyIZ,99830024,
SRuKBSBp,80729773,
KWTdwvIgBmWrY,64148292,
ahAzaOlgzskYHm,75750295,
MswgVNVjY,76232530,
GuAMjsGVN,26175893,
KWTdwvIgBmWrY,99224107,
bNQVwc,18768759,
LOqpHQoEJt,15410296,
ZlTKonSjwG,15936120,
GGUvjYZmxSTgxhCa,79325373,
LOqpHQoEJt,58835719,
hGaNlarkleHyZdogWymi,04950728,
PdosmDgiHf,85658852,
FTVpRPv,63233203,
cUngxdbxvBlCMrdn,13343226,
VLoofM,15942854,
qMkSBWbxC,71267334,
sgtypZkWoNINUlZd,95170646,
qMkSBWbxC,38206089,
siiWmYqPTHuJwxoP,48413108,
rFEMAicf,38206089,
PdosmDgiHf,21990741,
VLoofM,64271223,
cEqJG,27470671,
ciazPsbeywuBYM,90270578,
DuHTDrfngt,65139322,
RLukQlrxksjRjaYQjoZz,48413108,
DkgnmDV,54455041,
NdjjugTHnGG,45616757,
KWTdwvIgBmWrY,18768759,
MVJELwFUqogMx,97032411,
lQEfrLg,48413108,
qzSQTQImakUPY,75938755,
dyYqHYWn,39905135,
MRnQNysKkV,09454694,
RLukQlrxksjRjaYQjoZz,27831977,
diOKL,04404522,
cEqJG,66202564,
qLxhsiLTDCGrMCxNIFoJ,09171947,
kJcaAxPMYjvHQnDIIe,39905135,
GtAhsVIaRzrFpRdFyKu,51422376,
KEenSyCXfojlJTr,82377514,
aEFWCD,29318795,
KWTdwvIgBmWrY,23046677,
DAhmibabDnJwATEbr,66202564,
dyYqHYWn,26175893,
WXPCsQIopsQIHw,95170646,
PAasBYvBr,46498204,
ciazPsbeywuBYM,58605594,
tUXtZFqgoabz,48012198,
siiWmYqPTHuJwxoP,04950728,
EIQnqBUjwIxS,97032411,
FTVpRPv,15942854,
XAhHVTjjTQFJcMG,30840125,
MswgVNVjY,64148292,
dxCpjqqwUz,58835719,
dxCpjqqwUz,38623240,
NdjjugTHnGG,76232530,
hNfavOCVeivafVmk,95170646,
lQEfrLg,38206089,
SGoCjsapEP,74281364,
mUkZaCztpHVIXTV,97459783,
LgMkLnhFuAet,99224107,
YTXhp,25312125,
SRuKBSBp,71536449,
dxCpjqqwUz,27470671,
GEtCTQBuBxHjLGQ,88007493,
afDxrRGvwtyXePEgXeQ,53017568,
SRuKBSBp,04404522,
OdROrFvLjhfn,76663498,
YTXhp,76663498,
iBaKq,46498204,
vVjjt,74281364,
GepHphxGkVGmYJ,25161184,
GepHphxGkVGmYJ,90384501,
LOqpHQoEJt,28262447,
kJcaAxPMYjvHQnDIIe,33188302,
hNfavOCVeivafVmk,46498204,
mIJDLo,15410296,
GuAMjsGVN,64271223,
OdROrFvLjhfn,48012198,
GtAhsVIaRzrFpRdFyKu,12882238,
UXrEXjkEpnEKPdGPDos,33990841,
qzSQTQImakUPY,69299675,
UXrEXjkEpnEKPdGPDos,04404522,
dxCpjqqwUz,89631049,
MbPHymLleVRzlRyPxzp,97032411,
GepHphxGkVGmYJ,27831977,
mUkZaCztpHVIXTV,71267334,
JbEMvY,97459783,
LgMkLnhFuAet,38315512,
rwmsoZ,95925637,
mUkZaCztpHVIXTV,70735473,
SRuKBSBp,76134309,
XRtnbKONdDCKGhO,57866978,
lQEfrLg,58835719,
ImEcCSwpNBBjLuxzkQ,27470671,
lQEfrLg,97943844,
GtAhsVIaRzrFpRdFyKu,12882238,
YtbUcQIVtbFRN,38623240,
FUnaI,80729773,
ntwWEKmcbPeGGV,18412960,
PdosmDgiHf,99224107,
FSbCFtpGLeu,27470671,
diOKL,24636319,
ciazPsbeywuBYM,97032411,
SWJyatpbHlzSX,97459783,
OdROrFvLjhfn,34648993,
cJjtLirPRbzKXQTWfxc,30840125,
aHViKlBpV,46135270,
aHViKlBpV,21990741,
afDxrRGvwtyXePEgXeQ,90384501,
EXsxJQS,27470671,
GuAMjsGVN,18768759,
mQKBM,46498204,
OdROrFvLjhfn,24636319,
pdnra,27831977,
EXsxJQS,25312125,
bjFBxlEu,06124461,
qMkSBWbxC,24636319,
heQJVn,25161184,
DuHTDrfngt,88392788,
vIXwFY,75938755,
VxpLUTXUXt,88392788,
WXPCsQIopsQIHw,34648993,
yvsxNzBUG,13343226,
GepHphxGkVGmYJ,48123822,
qLxhsiLTDCGrMCxNIFoJ,15936120,
ElstokWwsfuj,72710724,
rwmsoZ,64148292,
WjpUBVYFy,14067888,
GepHphxGkVGmYJ,57946462,
dxCpjqqwUz,74281364,
YTXhp,48123822,
DAhmibabDnJwATEbr,48012198,
GepHphxGkVGmYJ,89631049,
aUUUnZbWGQXgqa,15942854,
bjFBxlEu,28262447,
FTVpRPv,15410296,
GHMrHDaeiC,79325373,
dyYqHYWn,38623240,
ciazPsbeywuBYM,45616757,
cyBAsWWMXXvUDdt,70735473,
sgtypZkWoNINUlZd,60447402,
ciazPsbeywuBYM,99830024,
SGoCjsapEP,97943844,
KPFgmVWDzrQOv,29318795,
SWJyatpbHlzSX,28097191,
ntwWEKmcbPeGGV,99830024,
DkgnmDV,05401337,
ZlTKonSjwG,30840125,
eeKcKFZpMOQTNty,82377514,
FUnaI,04404522,
ciazPsbeywuBYM,97943844,
MVJELwFUqogMx,19842181,
qFZyr,88392788,
ImEcCSwpNBBjLuxzkQ,54455041,
aUUUnZbWGQXgqa,13343226,
zBVBeAKZJ,64271223,
GHMrHDaeiC,06124461,
FUnaI,98176639,
EXsxJQS,21990741,
heQJVn,18768759,
cyBAsWWMXXvUDdt,82377514,
MVJELwFUqogMx,74281364,
XAhHVTjjTQFJcMG,45616757,
GGUvjYZmxSTgxhCa,75938755,
qFZyr,74281364,
vIXwFY,69299675,
KWTdwvIgBmWrY,75750295,
GtAhsVIaRzrFpRdFyKu,66202564,
qzSQTQImakUPY,58835719,
JbEMvY,36452039,
WXPCsQIopsQIHw,76232530,
KWTdwvIgBmWrY,26175893,
vIXwFY,58605594,
XRtnbKONdDCKGhO,80729773,
lQEfrLg,75750295,
vIXwFY,69134237,
siiWmYqPTHuJwxoP,04950728,
ElstokWwsfuj,99830024,
NdjjugTHnGG,85658852,
FUnaI,88007493,
aHViKlBpV,80729773,
aUUUnZbWGQXgqa,72710724,
cJjtLirPRbzKXQTWfxc,33188302,
MRnQNysKkV,71536449,
aEFWCD,05401337,
aHViKlBpV,18412960,
CidYnE,18768759,
GGUvjYZmxSTgxhCa,70735473,
afDxrRGvwtyXePEgXeQ,58605594,
SWJyatpbHlzSX,74281364,
tjqMIvvNtxlPYAPEsB,13343226,
LOqpHQoEJt,71267334,
pdnra,64148292,
zBVBeAKZJ,48012198,
tVOfVLTQ,48123822,
eeKcKFZpMOQTNty,88007493,
QsDhvI,64203385,
hNfavOCVeivafVmk,22018482,
FCRyIZ,44193819,
dxCpjqqwUz,39034886,
mIJDLo,14067888,
SWJyatpbHlzSX,53917252,
RLukQlrxksjRjaYQjoZz,71536449,
PIlFxWMCFMgzWYhpebtP,38315512,
EXsxJQS,58605594,
rFEMAicf,85658852,
ImEcCSwpNBBjLuxzkQ,64148292,
qzSQTQImakUPY,90270578,
znNiblgEAF,95925637,
YtbUcQIVtbFRN,76663498,
znNiblgEAF,36594902,
PAasBYvBr,39034886,
ImEcCSwpNBBjLuxzkQ,57946462,
cUngxdbxvBlCMrdn,60447402,
MRnQNysKkV,75938755,
UXrEXjkEpnEKPdGPDos,45616757,
mUkZaCztpHVIXTV,98176639,
dxCpjqqwUz,38623240,
WXPCsQIopsQIHw,39034886,
zBVBeAKZJ,48012198,
SGoCjsapEP,13343226,
KPFgmVWDzrQOv,33259078,
mQKBM,85658852,
hGaNlarkleHyZdogWymi,57866978,
afDxrRGvwtyXePEgXeQ,51422376,
DAhmibabDnJwATEbr,82377514,
hGaNlarkleHyZdogWymi,90384501,
QsDhvI,57866978,
RLukQlrxksjRjaYQjoZz,99224107,
SGoCjsapEP,72710724,
BNHiZsYn,51422376,
KEenSyCXfojlJTr,69134237,
JbEMvY,90384501,
vVjjt,88007493,
bjFBxlEu,22018482,
rwmsoZ,72710724,
vIXwFY,04404522,
PdosmDgiHf,36594902,
PIlFxWMCFMgzWYhpebtP,75938755,
vIXwFY,33259078,
dyYqHYWn,90384501,
aEFWCD,15410296,
heQJVn,51422376,
cEqJG,19842181,
CidYnE,25312125,
KPFgmVWDzrQOv,23046677,
CidYnE,18412960,
GuAMjsGVN,97943844,
FCRyIZ,75750295,
DkgnmDV,33208712,
mUkZaCztpHVIXTV,53017568,
LgMkLnhFuAet,25926487,
FUnaI,48413108,
MVJELwFUqogMx,13343226,
XRtnbKONdDCKGhO,99224107,
KWTdwvIgBmWrY,53917252,
ntwWEKmcbPeGGV,21990741,
FTVpRPv,95925637,
RLukQlrxksjRjaYQjoZz,66202564,
vIXwFY,74281364,
eeKcKFZpMOQTNty,63233203,
pdnra,73767599,
tjqMIvvNtxlPYAPEsB,25926487,
cyBAsWWMXXvUDdt,69134237,
qFZyr,76134309,
XAhHVTjjTQFJcMG,53917252,
cyBAsWWMXXvUDdt,44193819,
SwUwIrksArHxRbOtsNv,39034886,
DuHTDrfngt,74281364,
OdROrFvLjhfn,04950728,
aUUUnZbWGQXgqa,85658852,
ntwWEKmcbPeGGV,90270578,
RLukQlrxksjRjaYQjoZz,70335529,
bjFBxlEu,22018482,
KprmPIOxea,82377514,
WjpUBVYFy,39905135,
tUXtZFqgoabz,30840125,
mUkZaCztpHVIXTV,33581972,
lQEfrLg,21990741,
KWTdwvIgBmWrY,28097191,
WjpUBVYFy,69299675,
EIQnqBUjwIxS,04950728,
RLukQlrxksjRjaYQjoZz,64148292,
cyBAsWWMXXvUDdt,99224107,
OdROrFvLjhfn,85658852,
bjFBxlEu,28262447,
mUkZaCztpHVIXTV,46135270,
MVJELwFUqogMx,33581972,
BNHiZsYn,25161184,
SWJyatpbHlzSX,88392788,
RLukQlrxksjRjaYQjoZz,88392788,
FCRyIZ,76134309,
eeKcKFZpMOQTNty,07986675,
SWJyatpbHlzSX,36452039,
FUnaI,26175893,
KPFgmVWDzrQOv,48123822,
XAhHVTjjTQFJcMG,23046677,
XQkoxDNpYnXfX,60447402,
lQEfrLg,33188302,
dxCpjqqwUz,64148292,
KWTdwvIgBmWrY,76134309,
XQkoxDNpYnXfX,76663498,
yvsxNzBUG,97032411,
XAhHVTjjTQFJcMG,27470671,
siiWmYqPTHuJwxoP,15942854,
ntwWEKmcbPeGGV,54455041,
FTVpRPv,45616757,
MRnQNysKkV,64203385,
DuHTDrfngt,46498204,
WXPCsQIopsQIHw,89631049,
ElstokWwsfuj,69134237,
hNfavOCVeivafVmk,11402191,
XQkoxDNpYnXfX,44193819,
KEenSyCXfojlJTr,48413108,
PdosmDgiHf,82377514,
MbPHymLleVRzlRyPxzp,04404522,
aEFWCD,76663498,
SRuKBSBp,48123822,
cyBAsWWMXXvUDdt,79325373,
hNfavOCVeivafVmk,97032411,
znNiblgEAF,28097191,
ZlTKonSjwG,76292299,
LOqpHQoEJt,51422376,
ahAzaOlgzskYHm,95170646,
eeKcKFZpMOQTNty,28262447,
YtbUcQIVtbFRN,33259078,
isIlxQggMbzmyWDeS,13343226,
MswgVNVjY,90270578,
VxpLUTXUXt,39034886,
SRuKBSBp,46498204,
UXrEXjkEpnEKPdGPDos,70735473,
aEFWCD,48123822,
aEFWCD,06124461,
FTVpRPv,57866978,
ntwWEKmcbPeGGV,45616757,
zBVBeAKZJ,33208712,
cMYudMPX,38315512,
vIXwFY,75938755,
vIXwFY,73767599,
diOKL,70735473,
ciazPsbeywuBYM,48012198,
LgMkLnhFuAet,25161184,
FSbCFtpGLeu,34648993,
GuAMjsGVN,88392788,
GtAhsVIaRzrFpRdFyKu,45616757,
qMkSBWbxC,14067888,
UXrEXjkEpnEKPdGPDos,30840125,
GtAhsVIaRzrFpRdFyKu,57253539,
qzSQTQImakUPY,88392788,
ZlTKonSjwG,95925637,
mIJDLo,33990841,
ImEcCSwpNBBjLuxzkQ,48012198,
QsDhvI,39905135,
YtbUcQIVtbFRN,58835719,
kJcaAxPMYjvHQnDIIe,26175893,
znNiblgEAF,22018482,
GHMrHDaeiC,75938755,
cyBAsWWMXXvUDdt,75750295,
tVOfVLTQ,53017568,
XRtnbKONdDCKGhO,51422376,
SWJyatpbHlzSX,66202564,
KPFgmVWDzrQOv,19842181,
YTXhp,71536449,
FSbCFtpGLeu,25161184,
DAhmibabDnJwATEbr,53917252,
SRuKBSBp,76134309,
GGUvjYZmxSTgxhCa,44193819,
eeKcKFZpMOQTNty,12882238,
YTXhp,64148292,
dxCpjqqwUz,74281364,
ntwWEKmcbPeGGV,21990741,
FUnaI,28262447,
tVOfVLTQ,26175893,
eeKcKFZpMOQTNty,18412960,
yvsxNzBUG,74281364,
kJcaAxPMYjvHQnDIIe,89631049,
pdnra,79325373,
SGoCjsapEP,98176639,
KPFgmVWDzrQOv,46498204,
mUkZaCztpHVIXTV,63233203,
ahAzaOlgzskYHm,76134309,
MVJELwFUqogMx,15410296,
YtbUcQIVtbFRN,54455041,
KPFgmVWDzrQOv,64271223,
XAhHVTjjTQFJcMG,48123822,
DAhmibabDnJwATEbr,38315512,
LOqpHQoEJt,39034886,
lQEfrLg,75938755,
YtbUcQIVtbFRN,15936120,
mUkZaCztpHVIXTV,46498204,
DAhmibabDnJwATEbr,58605594,
UXrEXjkEpnEKPdGPDos,15936120,
RLukQlrxksjRjaYQjoZz,36594902,
XRtnbKONdDCKGhO,44193819,
yvsxNzBUG,18412960,
bNQVwc,46135270,
GuAMjsGVN,05401337,
nPZeeNQPmHaswXYmQS,88007493,
znNiblgEAF,80729773,
GepHphxGkVGmYJ,76292299,
SRuKBSBp,38315512,
ntwWEKmcbPeGGV,14067888,
XQkoxDNpYnXfX,65139322,
qLxhsiLTDCGrMCxNIFoJ,58835719,
vVjjt,15942854,
WjpUBVYFy,76663498,
PIlFxWMCFMgzWYhpebtP,97943844,
WjpUBVYFy,69134237,
kJcaAxPMYjvHQnDIIe,38206089,
WcwMNdMaoqOMTFnkd,76292299,
CidYnE,79325373,
WcwMNdMaoqOMTFnkd,14067888,
cMYudMPX,63233203,
qFZyr,74281364,
qzSQTQImakUPY,75938755,
vVjjt,97943844,
LgMkLnhFuAet,34648993,
afDxrRGvwtyXePEgXeQ,09171947,
JbEMvY,66202564,
tUXtZFqgoabz,57866978,
cMYudMPX,88392788,
KprmPIOxea,48012198,
GtAhsVIaRzrFpRdFyKu,64148292,
vIXwFY,64203385,
hNfavOCVeivafVmk,46498204,
SWJyatpbHlzSX,25926487,
diOKL,74281364,
zBVBeAKZJ,64148292,
cUngxdbxvBlCMrdn,58605594,
SGoCjsapEP,33581972,
isIlxQggMbzmyWDeS,76232530,
siiWmYqPTHuJwxoP,60447402,
cUngxdbxvBlCMrdn,82377514,
GuAMjsGVN,64148292,
PdosmDgiHf,39034886,
lQEfrLg,09454694,
zBVBeAKZJ,13343226,
mIJDLo,65139322,
GHMrHDaeiC,90384501,
ntwWEKmcbPeGGV,95170646,
cyBAsWWMXXvUDdt,38206089,
aHViKlBpV,14067888,
SWJyatpbHlzSX,85658852,
ntwWEKmcbPeGGV,25926487,
MswgVNVjY,97032411,
EIQnqBUjwIxS,39034886,
hGaNlarkleHyZdogWymi,99830024,
CidYnE,89631049,
PIlFxWMCFMgzWYhpebtP,30840125,
MswgVNVjY,18768759,
aHViKlBpV,90384501,
ciazPsbeywuBYM,71267334,
XAhHVTjjTQFJcMG,45616757,
heQJVn,36594902,
MbPHymLleVRzlRyPxzp,90270578,
qFZyr,66202564,
DkgnmDV,75938755,
aHViKlBpV,04404522,
QsDhvI,90270578,
bjFBxlEu,44193819,
tjqMIvvNtxlPYAPEsB,97032411,
pdnra,76134309,
GGUvjYZmxSTgxhCa,64203385,
aEFWCD,53017568,
DuHTDrfngt,22018482,
XAhHVTjjTQFJcMG,71267334,
heQJVn,70735473,
tUXtZFqgoabz,57253539,
GHMrHDaeiC,33990841,
hNfavOCVeivafVmk,88392788,
isIlxQggMbzmyWDeS,45616757,
hGaNlarkleHyZdogWymi,33208712,
hNfavOCVeivafVmk,85658852,
znNiblgEAF,79325373,
WXPCsQIopsQIHw,99224107,
GepHphxGkVGmYJ,76663498,
GtAhsVIaRzrFpRdFyKu,33188302,
zBVBeAKZJ,69134237,
MVJELwFUqogMx,48012198,
KprmPIOxea,76292299,
isIlxQggMbzmyWDeS,12882238,
nPZeeNQPmHaswXYmQS,33990841,
mIJDLo,70335529,
