barLicense,Beer,Food,Beer Price,Food Price,barName,Inventory
BL948,Imperial Stout,Lobster roll,9.0,8.0,CIAO BELLA RESTAURANT,237.0
BL486,Old Slug Porter,Chili dog,10.0,7.0,B-WATCH,244.0
BL241,Harvest Ale,Patty,6.0,7.0,FLIP'S AT CLIPPER MILL,202.0
BL719,Rader AmbrÃ©e,Maple bacon donut,7.0,7.0,CHINESE DELIGHT,161.0
BL164,Stillwater Rye,Steak,7.0,8.0,BARNES & NOBLE BOOKSELLERS,101.0
BL028,Boys of Summer Wheat,Eggs Neptune,10.0,10.0,AIRPORT BAR & GRILL  INC.,227.0
BL382,Maracaibo Especial,Senate bean soup,6.0,8.0,FRANKLINTOWN INN,147.0
BL302,Lager,Hot chicken sandwich,9.0,7.0,GERMANIO'S RESTAURANT,226.0
BL800,Flemish Primitive Wild Ale (Demon Fish),Cordon bleu,6.0,11.0,COOPER'S LIQUOR (568-570),165.0
BL105,Bam BiÃ¨re,Brunswick stew,7.0,10.0,CLUBHOUSE BAR,175.0
BL604,Der Weisse Bock,Chimichanga,8.0,9.0,CHESAPEAKE WINE COMPANY,151.0
BL792,Amber Ale,Engastration (e.g.,5.0,7.0,CLAYTON FINE BOOKS & CAFå,107.0
BL162,Brother Thelonious,Pemmican,10.0,7.0,CANTON COVE,117.0
BL757,The Unforgiven Amber Ale,Cheesesteak,8.0,8.0,CHINA GARDEN,99.0
BL856,Rubia,Steak,6.0,10.0,B G'S,180.0
BL001,American Pale Ale,Cheesesteak,9.0,5.0,BALTIMORE MARRIOTT WATERFRONT/GRILLE 700 RESTAURAN,244.0
BL777,Der Weisse Bock,Cheese dog,8.0,10.0,DUNKIN DONUTS/BASKIN ROBBINS,60.0
BL515,Grand Cru 2006,Choco pie,9.0,11.0,BALTMORE KICKERS,169.0
BL791,Stout,Pop-Tarts,5.0,8.0,EDISON   LOUNGE,203.0
BL722,Warrior IPA,Steak sauce,8.0,9.0,CLUB MITCHELL,109.0
BL590,Spring Heat Spiced Wheat,Peanut butter,10.0,7.0,BEDROCK,241.0
BL478,Mephistopheles Stout,Ice cream cake,6.0,8.0,CLUB INTERNATIONAL,77.0
BL026,Ripon Jewel Ale,Choco pie,6.0,11.0,FANTASY CAFå,245.0
BL031,Double IPA,Eggo,9.0,5.0,BIRDS OF A FEATHER,242.0
BL921,16,Salisbury steak,6.0,10.0,CHARLIE & DEE RESTAURANT,186.0
BL512,Nut Cracker Ale,Corned beef,10.0,11.0,ARAMARK FHC SPORTS (BAR 236),60.0
BL374,India Pale Ale,Corn relish,10.0,5.0,BARTENDERS,134.0
BL011,Troll Porter,Lobster roll,8.0,8.0,FULTON RESTAURANT    (2201 1/2 FULTON AVENUE),161.0
BL170,Pilsner,Bull roast,5.0,5.0,CORRADO'S CAFå,141.0
BL060,Dulle Teve / Mad Bitch,Carne pizzaiola[citation needed],9.0,10.0,5-MILE HOUSE,53.0
BL937,Irish Style Ale,Scampi,9.0,10.0,DAILY GRIND,85.0
BL103,La Divine Tripel Amber,Muffuletta,7.0,11.0,BLACKTIE SERVICE  LLP,174.0
BL808,The Kidd Lager,Scrapple,6.0,7.0,CARL REFEERS BAR & GRILL,159.0
BL584,Undercover Investigation Shut-Down Ale,Chips and dip,8.0,7.0,COCONUT CAFå,199.0
BL495,Eisenbahn Defumada,Doughnut,8.0,9.0,BOB'S OLDIE'S CAFå,86.0
BL810,Hibernation Ale,Chicken fried bacon,7.0,7.0,CHARM CITY INN,119.0
BL480,Hibernation Ale,Creamed corn,11.0,6.0,COSI  INC. # 157,189.0
BL332,BiÃ¨re Darbyste,Russian tea cake,10.0,9.0,CLUB MATE,101.0
BL797,Porter,Chicken sandwich,6.0,7.0,3 MILES HOUSE  INC.,209.0
BL806,Ondineke Oilsjtersen Tripel,Choco pie,6.0,9.0,BIG APPLE TREE CAFå,239.0
BL805,Golden Abbot Lager,Reuben sandwich,8.0,10.0,CHOW  MEIN CHARLIES  chinese food,201.0
BL614,Pitchfork Rebellious Bitter,Stuffed zucchini,9.0,8.0,A & W RESTAURANT,135.0
BL836,Winter,Milk chocolate,8.0,7.0,BRASS MONKEY SALOON,163.0
BL639,Penalty Shot Porter,Scampi,9.0,11.0,DASH SEAFOOD & CHICKEN,169.0
BL744,Dulle Teve / Mad Bitch,Biscuit (and Biscuits and gravy),8.0,6.0,BURGER KING #1950,115.0
BL141,Northern Light Lager,Tuna casserole,6.0,8.0,ALDO'S   RESTAURANT,159.0
BL545,Aecht Schlenkerla Rauchbier MÃ¤rzen,Russian tea cake,9.0,8.0,CHARLOTTE'S,65.0
BL383,Oatmeal Stout,Potatoes O'Brien,7.0,7.0,CHOCOLATEA,184.0
BL719,Paddle Out Stout,Ice cream cake,10.0,9.0,DUNKIN DONUTS,119.0
BL656,Eisenbahn Escura,Turducken,10.0,10.0,BOP BRICK OVEN PIZZA,215.0
BL665,16,Clam chowder,10.0,9.0,CLUB OKAPI,183.0
BL250,Leute Bok Bier,Buffalo burger,9.0,5.0,D J'S GASLIGHT,88.0
BL288,Winter Ale,Mashed pumpkin,8.0,6.0,ARAMARK FHC SPORTS (BAR 200-201),196.0
BL395,Hitachino Nest Espresso Stout,Reuben sandwich,7.0,8.0,B.G.'S PUB INCORPORATED,94.0
BL034,Skinny Dip,Butter cookie,7.0,9.0,DILONE GROCERY & RESTAURANT,92.0
BL338,Avalanche Amber,Hangtown fry,10.0,8.0,CLASSIC CAFE EXPRESS,70.0
BL676,Cold Hop,Meatloaf,9.0,9.0,BROTHERS PLACE  INC.,58.0
BL752,Fourteen,Reuben sandwich,6.0,9.0,BOULDER GARDEN CAFE,249.0
BL842,Aecht Schlenkerla Rauchbier Weizen,Italian beef,10.0,11.0,ANNS AT LEXINGTON PLACE,130.0
BL402,Stouterik / The Brussels Stout,Chili dog,5.0,10.0,CHARLES VILLAGE PUB,123.0
BL914,Saison Imperiale,Chocolate chip cookies,9.0,5.0,GINGER'S,200.0
BL851,La Rossa,Squab,7.0,5.0,743 S. MONTFORD INC.,52.0
BL384,Keller-Bier,Choco pie,7.0,10.0,CITY LIMITS SPORTS BAR,130.0
BL868,Mothership Wit,Potato skins,10.0,6.0,BELAIR PUB,110.0
BL331,Grand Cru 2006,Steak sauce,8.0,7.0,CLUB BAR,135.0
BL416,Abt 12,Stuffed peppers,8.0,8.0,DARKER THAN BLUE,77.0
BL460,Nostradamus,Pop-Tarts,8.0,11.0,CLUB BAR,200.0
BL524,Falcon Pale Ale,Succotash,9.0,5.0,B-WATCH,180.0
BL688,India Pale Ale,Chicken fried bacon,6.0,7.0,BARTENDERS,159.0
BL108,Black Jack Porter,Muffuletta,9.0,8.0,DECKERS BAR & GRILLE,140.0
BL576,Oatmeal Stout,Sandwich,9.0,5.0,ABC SUSHI,94.0
BL114,Harvest Ale,Fry sauce,6.0,6.0,CHIYO SUSHI,128.0
BL810,Slaapmutske Triple Nightcap,Chicken parmigiana,9.0,8.0,CHESAPEAKE WINE COMPANY,94.0
BL395,Extra Strong Vintage Ale,Steak sauce,9.0,7.0,FRAZIER'S ON THE AVENUE,128.0
BL173,Oro de Calabaza,Buffalo wing,8.0,9.0,E C CAFå & CATERING,183.0
BL386,Canaster Winter Scotch,Stuffed ham,9.0,8.0,CLUBHOUSE BAR & GRILL,186.0
BL544,Blanche Double,Chocolate chip cookies,9.0,11.0,BERGER'S TAVERN  INCORPORATED,55.0
BL380,null,Soul food,10.0,11.0,FRANKLINTOWN INN,120.0
BL393,Gavroche French Red Ale,Thousand Island dressing,9.0,7.0,aramark at citi bank baltimore,180.0
BL535,Belgian Tripel,Turducken,8.0,8.0,GENTLEMEN OF CHARISMA,249.0
BL695,Blue Dot Double India Pale Ale,Tomato compote,11.0,10.0,FORT CHARLES PUB,186.0
BL922,Cerveza Negra,Chicken fried steak,9.0,7.0,DEGO DAME'S,245.0
BL359,Hocus Pocus,Corn flakes,9.0,9.0,3 W'S TAVERN,171.0
BL109,Super,Stuffed ham,8.0,7.0,A & W RESTAURANT,232.0
BL758,Bigfoot 2006,Buffalo wing,7.0,10.0,EL RANCHO GRANDE,215.0
BL728,Crystal Ale,Grits,6.0,10.0,FULTON RESTAURANT,111.0
BL406,Old Bawdy 2006,Maraca pie,7.0,7.0,CAROLINAS TEX- MEX RESTAURANT,116.0
BL558,Irish Dry Stout,Sausage gravy,6.0,7.0,CLUB HOUSE BAR & GRILL,85.0
BL461,Belgian Abbey, Turducken),10.0,6.0,438 CLUB,51.0
BL460,Blonde Bock,Onion ring,10.0,10.0,CLUB HOUSE BAR & GRILL,204.0
BL941,Old Stock Ale 2007,White chocolate,9.0,6.0,BLUE AGAVE RESTAURANT AND TEQUILERIA,171.0
BL583,Petrus Blond Ale,Pizza strips,6.0,8.0,GIBSON'S,111.0
BL377,Bigfoot 2000,Hamburger,8.0,10.0,BERMUDA BAR,232.0
BL999,Serafijn Christmas Angel,Blue cheese dressing,10.0,10.0,FELL'S POINT CARRYOUT,226.0
BL097,Imperial Porter,Butter cookie,8.0,9.0,FLAMINGO  LOUNGE,62.0
BL664,NÃ¸gne Ã˜ Brown Ale,Eggs Neptune,9.0,10.0,CHUBBIES CLUB,244.0
BL850,Sapporo Premium Beer,Creamed eggs on toast,11.0,7.0,DUDA'S TAVERN,135.0
BL797,Okocim Porter,Breakfast burrito,8.0,8.0,FLAMINGO  LOUNGE,137.0
BL555,Steelie Brown Ale,Apple sauce,8.0,6.0,BURGER KING #10294,217.0
BL510,Brother Thelonious,Jerky,10.0,6.0,CAFå EXPRESS,213.0
BL229,Zoetzuur Flemish Ale,Chicken French,7.0,11.0,FIVE GUYS FAMOUS BURGERS & FRIES,87.0
BL991,ESB,Russian tea cake,11.0,8.0,GOLDEN NUGGET LOUNGE,171.0
BL919,Glacier Ale,Brunswick stew,6.0,10.0,BALTIMORE BEVERAGE CO. -STARBUCKS,100.0
BL357,Moose Drool Brown Ale,Chimichanga,7.0,10.0,CAFE ZEN,244.0
BL576,Obovoid Empirical Stout,Mashed potato,10.0,8.0,DIMITRI'S TAVERN,52.0
BL874,Premium XB Bluebird Bitter,Doughnut,6.0,5.0,GOLDEN WEST CAFå  INC.,249.0
BL657,Imperial Hefeweizen,Ranch dressing,9.0,10.0,B-WATCH,236.0
BL914,Prior 8,Hangtown fry,9.0,6.0,GALLERY,116.0
BL733,Moose Drool Brown Ale,Carolina style,10.0,9.0,CAFå ON THE SQUARE  LLC,60.0
BL407,Pauwel Kwak,Corn relish,10.0,9.0,FRIEND'S RESTAURANT AND SPIRITS,108.0
BL745,Blonde Bock,Hamburger,11.0,10.0,AMERICAN LEGION FEDERAL POST #19,188.0
BL114,Nugget,Barbecue (see below for specific types),7.0,8.0,DESERT INN,98.0
BL215,Leroy Barleywine,Carolina style,10.0,10.0,CLUB CLIMAX,202.0
BL937,Beer Town Brown,Onion ring,5.0,9.0,DUKEM ETHIOPIAN RESTAURANT,190.0
BL530,Paint the Town Red,Muffuletta,8.0,8.0,CHUNG MEE RESTAURANT,194.0
BL479,Harvest Ale,Clam cake,7.0,8.0,CITY LIMITS SPORTS BAR,138.0
BL443,Maracaibo Especial,Ammonia cookie,9.0,8.0,E C CAFå & CATERING,170.0
BL747,Cerveza Roja,Deviled crab,8.0,7.0,ARAMARK FHC SPORTS (BAR 236),186.0
BL136,Easy Street Wheat,Russian tea cake,9.0,7.0,FRIEND'S RESTAURANT AND SPIRITS,220.0
BL852,Certified Organic India Pale Ale,Pop-Tarts,5.0,8.0,CANTON'S PEARLS,85.0
BL732,Winter Warmer,Milkshake,9.0,8.0,BIRDS OF A FEATHER,239.0
BL515,Creamy Dark,Bull roast,7.0,6.0,CAROLINA'S TEX-MEX RESTURANT,181.0
BL433,Saison Imperiale,Home fries,8.0,9.0,DING HOW RESTAURANT,94.0
BL179,Fat Belly Amber,Bear claw,6.0,11.0,DREAMS INN,87.0
BL821,Maibock,Chicken à la King,6.0,8.0,CRAZY LIL'S,83.0
BL436,Moose Drool Brown Ale,Blue-plate special,7.0,7.0,babalu grill,232.0
BL495,Ironwood Dark,Swiss steak,9.0,10.0,CHARLIE & DEE RESTAURANT,130.0
BL841,Rader AmbrÃ©e,Calf's liver and bacon,7.0,6.0,null,191.0
BL179,London Porter,Succotash,7.0,6.0,AG & HARP'S,62.0
BL531,Pelican Pale,Pepperoni,8.0,10.0,CITY LIMITS SPORTS BAR,132.0
BL265,Yule Tide,Buffalo burger,8.0,7.0,BALTIMORE BEVERAGE CO. -STARBUCKS,250.0
BL047,Maple Nut Brown Ale Ale,Juba,8.0,7.0,CHINA WOK,181.0
BL709,God Jul - Winter Ale,Swiss steak,9.0,8.0,COSI  INC. # 157,232.0
BL675,Harvest Ale 2007,Salisbury steak,8.0,11.0,AU BON PAIN,228.0
BL033,Old Godfather,Pop-Tarts,10.0,6.0,ADMIRAL FELL INN,124.0
BL001,Modern Monks Belgian Blonde,Apple sauce,7.0,10.0,FANTASIES,101.0
BL300,Yeti Special Export,Steak sauce,8.0,9.0,ANNS AT LEXINGTON PLACE,157.0
BL909,Woody Organic IPA,Oysters Rockefeller,8.0,7.0,CHARLES ST DELI,249.0
BL698,Full Moon Winter Ale,Potato salad,9.0,11.0,BLARNEY STONE INN,107.0
BL307,Amber,Chips and dip,8.0,6.0,A & W RESTAURANT,52.0
BL933,Blonde Bock, Turducken),7.0,5.0,CAFE ZEN,225.0
BL780,Oatmeal Stout,Greek-American cuisine,5.0,9.0,ANNS AT LEXINGTON PLACE,127.0
BL619,Amber,Dark chocolate,9.0,7.0,DEGO DAME'S,138.0
BL228,Harvest Ale 2005 (Port),Stuffed peppers,6.0,6.0,CARLYLE CLUB,181.0
BL420,India Pale Ale,Burnt ends,9.0,9.0,BOULDER GARDEN CAFE,169.0
BL532,Paddle Out Stout,Smelt,7.0,8.0,FULTON RESTAURANT    (2201 1/2 FULTON AVENUE),124.0
BL848,Winter Cheer,Fried chicken,8.0,6.0,BILL'S 60'S & 70'S CLUB,105.0
BL878,Beer Town Brown,Squab,7.0,9.0,DAVID & DAD'S LLC,83.0
BL492,Oatmeal Stout,French dip,5.0,9.0,3 KINGS,59.0
BL536,Steelie Brown Ale,Cornish game hen,6.0,10.0,COMMON GROUND,163.0
BL765,Bock,Apple sauce,7.0,8.0,FELL'S POINT CARRYOUT,59.0
BL189,Boulevard Pale Ale,Pickled cucumber,9.0,10.0,A TASTE OF CHINA,55.0
BL583,Double IPA,Slinger,5.0,8.0,DONNA'S,228.0
BL070,Aventinus Weizen-Eisbock,Steak sandwich,8.0,8.0,743 S. MONTFORD INC.,159.0
BL541,Lunar Ale,Hog fry,7.0,10.0,EL RANCHO BLANCO,152.0
BL072,Canaster Winter Scotch,Cheesesteak,11.0,8.0,CHARLIE & DEE RESTAURANT,152.0
BL491,Hell,Blue-plate special,8.0,10.0,CREATIVE ALLIANCE,229.0
BL263,Dulle Teve / Mad Bitch,Mulligan stew,7.0,9.0,BLARNEY STONE PUB,160.0
BL057,American Pale Ale,Sonofabitch stew,7.0,10.0,FANTASIES,60.0
BL658,Piranha Pale Ale,Creamed corn,8.0,8.0,ALE MARY'S,94.0
BL504,Ur-Weisse,Clam cake,9.0,5.0,BURGER KING #1950,245.0
BL355,Porter,Burnt ends,10.0,6.0,BURGER KING,167.0
BL484,Leroy Barleywine,Rabbit pie,9.0,8.0,CLUB MATE,100.0
BL618,Maple Nut Brown Ale Ale,Fried chicken,6.0,9.0,GEN-JOSEPH HALLER POST #95  AMERICAN LEGION  INC.,147.0
BL941,Maracaibo Especial,Maple bacon donut,10.0,8.0,DUNKIN DONUTS/BASKIN ROBBINS,203.0
BL119,Pelican Pale,Pizza strips,7.0,10.0,COCO MOKA CAFå,250.0
BL259,Organic Barley Wine Ale 2005,Fajita,9.0,6.0,FULTON RESTAURANT    (2201 1/2 FULTON AVENUE),128.0
BL042,Nugget,Maple bacon donut,10.0,9.0,CLUB PUSSYCAT,206.0
BL576,Bigfoot 2006,Italian beef,10.0,10.0,ALLEN RESTAURANT,225.0
BL506,Brewhouse Blonde,Chocolate chip cookies,8.0,8.0,claddagh pub,139.0
BL233,StÃ¼venbrÃ¤u Maibock,Engastration (e.g.,8.0,8.0,COPRA,59.0
BL865,Warka Strong,Russian tea cake,11.0,10.0,BLEACHERS,181.0
BL994,Buffalo Belgian Stout,Goulash,11.0,10.0,BOB CUMMINGS PLACE,156.0
BL636,Harvest Ale 2005 (Port),Energy bar,11.0,8.0,BALTIMORE DELIGHT RESTAURANT,116.0
BL689,Organic Barley Wine Ale 2005,Greek-American cuisine,6.0,8.0,CHESAPEAKE BAY RESTAURANT,233.0
BL950,Odell Red Ale,Fried chicken,10.0,10.0,CHARLES ST DELI,217.0
BL218,Red Ale,Burnt ends,11.0,9.0,CLUB CLIMAX,69.0
BL713,Classic Gueuze,Chowder,9.0,6.0,AVENUE BAR & LIQUOR,135.0
BL831,OSB Premium Ale,Pop-Tarts,11.0,7.0,DUNKIN DONUTS & BASKIN ROBBINS,218.0
BL872,Sawtooth Ale,Hog fry,6.0,7.0,DIAMOND LOUNGE   (415 1/2 E. BALTIMORE STREET),139.0
BL456,Epiphany Ale,Carolina style,7.0,7.0,CHARLOTTE'S,101.0
BL980,Petrus Blond Ale,Energy bar,8.0,9.0,DUCLAW BREWING COMPANY,124.0
BL634,Imperial Porter,White chocolate,9.0,7.0,BREEZE INC.,103.0
BL296,Twelve Days,Pancakes,8.0,5.0,CLUB BAR,86.0
BL306,Beer Town Brown,Garden salad,7.0,8.0,CHUBBIES CLUB,226.0
BL084,Harvest Ale 2002,Haystack,5.0,10.0,COTTON CLUB,99.0
BL668,Morocco Ale,Clam chowder,7.0,10.0,DEGO DAME'S,175.0
BL963,Winter,Stuffed peppers,9.0,11.0,CANTON'S PORTSIDE TAVERN,240.0
BL972,Harvest Hefeweizen,Squab,10.0,10.0,AG & HARP'S,151.0
BL426,Hefeweizen,Swiss steak,9.0,11.0,CAROLINAS TEX- MEX RESTAURANT,108.0
BL538,Pleasanton Pale,Carolina style,8.0,9.0,BROTHERS PLACE  INC.,237.0
BL928,Sawtooth Ale,Corn dog,9.0,10.0,DIMIS CAFå AND GRILL  INC.,180.0
BL772,Cerveza Roja,Creamed corn,9.0,7.0,COTTON CLUB,246.0
BL541,Quelque Chose,Bear claw,10.0,10.0,CORRADO'S CAFå,129.0
BL166,IPA,Pork and beans,9.0,9.0,CHIPOTLE MEXICAN GRILL,112.0
BL893,La Divine Double Blond,Oreo,7.0,10.0,CANTON'S PEARLS,217.0
BL725,Framboise,Cowboy beans,9.0,10.0,CIRCUS BAR & RESTAURANT,129.0
BL706,Buffalo Belgian Stout,Chili dog,10.0,10.0,CATALINA RESTAURANT,135.0
BL311,Gouden Carolus Tripel,Deviled egg,7.0,8.0,BRUCE MCKELDIN CONSULTING  LLC,223.0
BL655,Bigfoot 2000,Vichyssoise,9.0,7.0,BAY CAFE,111.0
BL093,Spring Heat Spiced Wheat,Seafood cocktail,6.0,5.0,CAFå EXPRESS,193.0
BL646,Organic Barley Wine Ale 2005,Pumpkin pie,9.0,8.0,DIONYSUS RESTAURANT & LOUNGE,251.0
BL544,Lunar Ale,Pumpkin pie,11.0,6.0,FRIEND'S RESTAURANT AND SPIRITS,219.0
BL300,Petrus Oud Bruin,Succotash,5.0,6.0,FIELDS RIB HOUSE,156.0
BL239,God Jul - Winter Ale,Surf and turf,9.0,10.0,BALTIMORE MARRIOTT WATERFRONT/GRILLE 700 RESTAURAN,53.0
BL914,Tatonka Stout,Cajun cuisine,9.0,5.0,E C CAFå & CATERING,119.0
BL683,Old Crustacean Barleywine 2006,Corn flakes,10.0,9.0,BLARNEY STONE INN,120.0
BL174,Levity Amber Ale,Clam chowder,9.0,7.0,CANTON'S PEARLS,175.0
BL302,Organic Belgian Ale,Apple butter,11.0,10.0,DARBY'S,186.0
BL499,Beer Town Brown,Chicken French,6.0,8.0,CANTON'S PORTSIDE TAVERN,186.0
BL049,Beer Geek Breakfast,Burnt ends,9.0,11.0,EL RECODO  INC.,55.0
BL655,Zone 7 Porter,Seafood cocktail,9.0,6.0,BELT STREET PUB,117.0
BL954,Irish Style Ale,Energy bar,9.0,8.0,ANNS AT LEXINGTON PLACE,75.0
BL941,Harvest Ale 2005 (Whisky),Ranch dressing,9.0,7.0,BERT'S EATS & DRINKS (3103-05),231.0
BL444,Buzzsaw Brown,Potatoes O'Brien,7.0,9.0,COLONIAL INN,224.0
BL880,Blanche de Namur,Tuna casserole,10.0,9.0,COPRA,101.0
BL176,Espresso Porter,Cuisine of Antebellum America,10.0,8.0,BREEZE INC.,144.0
BL486,Bond Street 19th Anniversary,Vichyssoise,10.0,6.0,BIRDS OF A FEATHER,139.0
BL043,P.M. Porter,Corn dog,11.0,11.0,CAMERON'S SEAFOOD,135.0
BL622,American Pale Ale,Drunken chicken,8.0,6.0,FIELDS OLD TRAIL,165.0
BL661,Aecht Schlenkerla Rauchbier MÃ¤rzen,Slinger,10.0,5.0,CLUB HUSH,114.0
BL248,Cold Hop,Milk toast,10.0,9.0,AMERICAN LEIGON FORT MCHENRY POST #133,128.0
BL834,Bigfoot 2004,Pastrami,6.0,9.0,COSI  INC. # 157,135.0
BL577,Winter,Milk chocolate,8.0,11.0,FRIENDLY  FRIED  CHICKEN,246.0
BL233,Shiner Hefeweizen,Buffalo wing,7.0,5.0,CLUB CONFETTI,152.0
BL475,Pater 6,Rabbit pie,8.0,11.0,Fleming's Prime Steakhouse and Wine Bar,92.0
BL895,Kent Lake Kolsch,Soul food,10.0,8.0,CLUB CLIMAX,147.0
BL142,Sapporo Premium Beer,Scampi,10.0,10.0,BUTTS & BETTY'S TAVERN  INC.,77.0
BL850,NÃ¸gne Ã˜ Imperial Stout,Bear claw,10.0,10.0,ABACROMBIE FINE FOODS,64.0
BL656,Pater 6,Senate bean soup,7.0,10.0,ACROPOLIS RESTAURANT,159.0
BL226,Harvest Ale 2005,Sour cream,9.0,8.0,BRASS MONKEY SALOON,172.0
BL696,Silk Lady,Smelt,9.0,9.0,EASTERN HOUSE RESTAURANT,117.0
BL579,P.M. Porter,Tetrazzini,9.0,7.0,ELLIOT'S POUR HOUSE,116.0
BL102,Pride & Joy Mild Ale,Chicken French,9.0,6.0,ANNS AT LEXINGTON PLACE,114.0
BL137,Buzzsaw Brown,Cheese fries,10.0,7.0,azteca de oro,242.0
BL652,Dark German Lager,Fajita,10.0,8.0,COOKIE'S  CITY  LINE  DINER,165.0
BL770,Aecht Schlenkerla Rauchbier Weizen,Corned beef,10.0,7.0,asian taste,119.0
BL924,Ungespundet Lager Hefetrub,Peanut butter,8.0,8.0,DUNKIN DONUTS,91.0
BL189,Old Crustacean Barleywine 2006,Garden salad,9.0,10.0,ASAHI SUSHI,102.0
BL108,Amber,Chocolate chip cookies,7.0,10.0,BARNES & NOBLE BOOKSELLERS,186.0
BL471,Petrus Oud Bruin,Beef Manhattan,6.0,6.0,CLUB PUSSYCAT,85.0
BL485,Schwarzbier / Dunkel,Blue cheese dressing,7.0,10.0,COTTON CLUB,215.0
BL151,Illuminator Doppelbock,Dark chocolate,5.0,8.0,BURKE'S CAFE  INCORPORATED,98.0
BL665,Bigfoot 2004,Steak sandwich,5.0,5.0,CURTIS BAY ATHLETIC CLUB,64.0
BL946,Pendle Witches Brew, Turducken),7.0,10.0,DEAD FREDDIES,227.0
BL714,Zone 7 Porter,Bookbinder soup,10.0,9.0,CANTON'S PORTSIDE TAVERN,166.0
BL340,Hefe Proper Ale,Scampi,8.0,6.0,CAFå LATTE 'DA,102.0
BL158,Nut Cracker Ale,Jell-O,10.0,7.0,COSMOPOLITAN BAR & GRILL,130.0
BL489,Full Moon Winter Ale,Chicken sandwich,10.0,5.0,AG & HARP'S,207.0
BL976,Snow Bound Winter Ale,Fajita,10.0,9.0,fraternal order of police baltimore city lodge #3,114.0
BL127,Stout,Vichyssoise,9.0,7.0,CHARM CITY INN,101.0
BL520,Premium XB Bluebird Bitter,Pancakes,10.0,8.0,claddagh pub,175.0
BL534,Belgian Wit,Creamed corn,10.0,11.0,FELL'S POINT CARRYOUT,148.0
BL227,Ornery Amber Lager,Steak sandwich,8.0,9.0,DARKER THAN BLUE,157.0
BL092,Harvest Ale 2005 (Calvados),Ribs,10.0,8.0,GIBSON'S,64.0
BL145,God Jul - Winter Ale,Greek-American cuisine,9.0,10.0,courthouse east caf‰Û_',206.0
BL183,Buffalo Belgian Stout,Brunswick stew,10.0,10.0,BURGER KING,148.0
BL296,NÃ¸gne Ã˜ Pale Ale,Chicken fingers,5.0,10.0,FRANK'S PIZZA,85.0
BL982,Rubia,Biscuit (and Biscuits and gravy),6.0,9.0,crazy johns,174.0
BL461,Schwarzbier,Pulled pork,8.0,9.0,CLAYTON FINE BOOKS & CAFå,232.0
BL949,India Pale Ale,Swiss steak,6.0,8.0,GENTLEMEN OF CHARISMA,145.0
BL064,JÃ¶rger WeiÃŸe Hell,Turducken,9.0,10.0,BUD PAOLINO'S RESTAURANT,226.0
BL058,Zone 7 Porter,Blue-plate special,7.0,10.0,CINCO DE MAYO,87.0
BL005,Petrus Gouden Tripel Ale,Fried fish,6.0,7.0,FOXY LADY,226.0
BL999,Robert the Bruce Scottish Ale,Butter cookie,8.0,8.0,CHESAPEAKE BAY RESTAURANT,50.0
BL280,Olde Expensive Ale,Potato wedges,7.0,10.0,FELL'S POINT CARRYOUT,182.0
BL508,Honey Bunny Blonde Ale,Italian dressing,10.0,8.0,D J'S GASLIGHT,222.0
BL904,Gouden Carolus Ambrio 1471,Cordon bleu,9.0,7.0,DIZZY  IZZY,52.0
BL611,90 Shilling,Home fries,8.0,7.0,DIZZY  IZZY,223.0
BL992,Illuminator Doppelbock,Corn relish,9.0,5.0,DOWNTOWN SPORTS EXCHANGE,207.0
BL564,Urthel Vlaemse Bock,Pastrami,7.0,9.0,ALONSO'S RESTAURANT & COCKTAIL LOUNGE,153.0
BL591,Irish Dry Stout,Chicken parmigiana,10.0,5.0,FAMOUS RESTAURANT,57.0
BL593,Wiesen Edel Weisse,Milk chocolate,6.0,6.0,DONNA'S CROSS KEYS,157.0
BL014,Tanners Jack,Green bean casserole,7.0,8.0,CLUB HOUSE BAR & GRILL,240.0
BL328,La Roja,Haystack,11.0,10.0,BLUE CRAB EXPRESS & CAFå INC.,174.0
BL657,Planet Porter / Boulder Porter,Scampi,7.0,10.0,CAFE' INTERNATIONALE,156.0
BL715,Whitetail Wheat,Tetrazzini,5.0,7.0,CENTER CLUB  INCORPORATED,206.0
BL713,Bock,Chicken parmigiana,7.0,8.0,BURKE'S CAFå/ COMEDY FACTORY,83.0
BL877,Hefeweizen,Chimichanga,10.0,7.0,BILL'S LIGHTHOUSE INN,105.0
BL736,Alpine Gold,Smelt,8.0,10.0,ARAMARK FHC SPORTS (BAR 252-253),55.0
BL923,Nightmare,Burnt ends,6.0,9.0,COLD STONE CREAMERY# 102,245.0
BL193,Oatmeal Stout,Muffuletta,7.0,9.0,EL TORITO MEXICAN RESTAURANT,86.0
BL623,Falcon Pale Ale,Engastration (e.g.,5.0,8.0,BELVEDERE TOWERS CAFå,223.0
BL322,Harvest Brown,Choco pie,7.0,9.0,EDGAR'S INC.--BALTIMORE  MD,59.0
BL640,Hell, Turducken),9.0,7.0,CHINESE KITCHEN,110.0
BL907,Leute Bok Bier,Popover,7.0,6.0,CAFå LATTE 'DA,110.0
BL051,Extra Strong Vintage Ale,Pizza strips,6.0,6.0,CRAZY LIL'S,196.0
BL506,India Pale Ale,French dip,10.0,8.0,CAPTAIN LARRY'S,144.0
BL526,Stillwater Rye,Ammonia cookie,5.0,7.0,CLUB CONFETTI,53.0
BL767,Yule Tide,Rabbit pie,6.0,9.0,BLUE CRAB EXPRESS & CAFå INC.,65.0
BL481,Golden Abbot Lager,Garden salad,8.0,11.0,FIELDS RIB HOUSE,67.0
BL783,Eisenbahn Dourada,London broil,9.0,5.0,BANJARA,242.0
BL421,Pale Ale,Baked potato,9.0,7.0,CREATIVE ALLIANCE,153.0
BL472,Bigfoot 2000,Surf and turf,9.0,7.0,ATWATER'S,204.0
BL714,Special London Ale,City chicken,10.0,7.0,ARAMARK FHC SPORTS (BAR 217),101.0
BL951,Eisenbahn Dourada,Lobster Newberg,5.0,8.0,BREEZE INC.,139.0
BL278,Coney Island Lager,Fried chicken,8.0,6.0,aramark at citi bank baltimore,242.0
BL242,Golden Ale,Corn chowder,9.0,11.0,BROOKLYN PLEASURE CLUB,64.0
BL005,Old Boardhead 2006,Deviled egg,9.0,8.0,CHOW  MEIN CHARLIES  chinese food,91.0
BL113,Danger Ale,Cuisine of the Thirteen Colonies,10.0,11.0,fraternal order of police baltimore city lodge #3,145.0
BL109,Fat Belly Amber,Eggs Benedict,6.0,9.0,GILMOR PLEASURE CLUB,151.0
BL661,Geist Bock,Fortune cookie,10.0,8.0,BOB CUMMINGS PLACE,103.0
BL468,MÃ¶nchshof KellerbrÃ¤u,Ice cream cake,9.0,8.0,FRIEND'S RESTAURANT AND SPIRITS,78.0
BL334,Ename Tripel,Chimichanga,8.0,7.0,BALTIMORE MARRIOTT WATERFRONT/GRILLE 700 RESTAURAN,232.0
BL813,Bigfoot 2005,Butter cookie,5.0,8.0,FRED & MARGIE'S INN,85.0
BL484,Lunar Ale,Chili con carne,8.0,6.0,DIZZY  IZZY,210.0
BL736,Epiphany Ale,Hog fry,8.0,10.0,BEDROCK (KITCHEN AREA),229.0
BL715,Warrior IPA,Chicken fried steak,10.0,10.0,azteca de oro,228.0
BL062,La Roja,Vichyssoise,5.0,7.0,ALOHA TOKYO,169.0
BL032,NÃ¸gne Ã˜ Brown Ale,Oysters Rockefeller,6.0,9.0,CLUBHOUSE BAR,70.0
BL456,IPA,Russian dressing,9.0,9.0,ARAMARK FHC SPORTS (BAR 210),116.0
BL338,Pannepot,City chicken,9.0,9.0,BLUE POINT CRAB HOUSE (seasonal),153.0
BL898,Mavericks Amber Ale,Tetrazzini,9.0,11.0,EDGAR'S INC.--BALTIMORE  MD,132.0
BL743,Mothership Wit,Meatloaf,8.0,9.0,AIRPORT BAR & GRILL  INC.,224.0
BL194,Premium XB Bluebird Bitter,Pop-Tarts,5.0,7.0,CLUB HOUSE BAR & GRILL,221.0
BL139,Petrus Dubbel Bruin Ale,Tuna casserole,5.0,9.0,BELVEDERE TOWERS CAFå,77.0
BL480,Leroy Barleywine,Goulash,7.0,10.0,CHARLOTTE'S,91.0
BL930,Blonde Bock,Russian dressing,6.0,7.0,COCONUT CAFå,117.0
BL660,Biere de Mars,Calf's liver and bacon,7.0,6.0,AMERICAN FOOD SERVICE,232.0
BL317,Organic Belgian Ale,Sausage gravy,7.0,10.0,CHUBBIES CLUB,207.0
BL285,Gose,Energy bar,9.0,10.0,ARIZONA BAR & GRILL,65.0
BL695,Christmas Bock,Cuisine of the Thirteen Colonies,7.0,6.0,CLIFTON PARK GOLF COURSE SNACK BAR,227.0
BL971,Yeti Special Export,Lorna Doone,8.0,6.0,BUSTER'S PUB,171.0
BL553,Saison Voisin,Pepperoni,9.0,10.0,CLUB CHOICES,83.0
BL058,Eisenbahn South American Pale Ale (S.A.P.A.),Senate bean soup,6.0,8.0,DUCLAW BREWING COMPANY,165.0
BL860,Casey Jones Imperial IPA,Cajun cuisine,9.0,8.0,DANCING PIGS,110.0
BL118,Lump of Coal Dark Holiday Stout,Potatoes O'Brien,9.0,9.0,CHINESE DELIGHT,177.0
BL877,New Belgium Trippel Belgian Style Ale,Stuffed zucchini,6.0,8.0,BAY ATLANTIC CLUB,85.0
BL413,Dark German Lager, Turducken),7.0,7.0,CALIFORNIA PIZZA KITCHEN,170.0
BL091,Nugget,Celery Victor,10.0,7.0,CLUB LUZERENE,112.0
BL530,Nut Cracker Ale,Apple sauce,9.0,7.0,COSMOPOLITAN BAR & GRILL,110.0
BL184,Petrus Oud Bruin,Chicken nugget,6.0,6.0,COFFEE LAND,242.0
BL545,Witte,Ice cream cake,6.0,6.0,BOUILLABAISSE CAFå,93.0
BL879,Arabier,Potato skins,10.0,7.0,BANJARA,213.0
BL471,Blonde Bock,Potatoes O'Brien,8.0,8.0,ANGELINA'S,151.0
BL616,Winter Warmer,Peanut butter,8.0,9.0,FIRESIDE NORTH LIQUORS,114.0
BL264,Red Ale,Milk chocolate,6.0,10.0,BILL'S LIGHTHOUSE INN,224.0
BL572,Slaapmutske Triple Nightcap,Hamburger,9.0,8.0,FRED & MARGIE'S INN,186.0
BL361,Aecht Schlenkerla Rauchbier Weizen,Rabbit pie,8.0,10.0,DEGO DAME'S,153.0
BL950,Blanche Double,Surf and turf,5.0,9.0,DELLA ROSE'S 2 CANTON CROSSING,83.0
BL981,Summer Common,Milk chocolate,10.0,11.0,DILONE GROCERY & RESTAURANT,237.0
BL258,Epiphany Ale,Italian-American cuisine,6.0,10.0,BALTIMORE MARRIOTT-INNER HARBOR/EMP. CAFETERIA,108.0
BL716,Farm House Ale,Chicken and waffles,9.0,8.0,COMMON GROUND,52.0
BL673,Rubia,Russian tea cake,11.0,10.0,FIELDS OLD TRAIL,98.0
BL758,Espresso Porter,Peanut butter,10.0,7.0,GARDEN BEEF & BEER,50.0
BL009,La Divine Double Blond,Drunken chicken,5.0,9.0,CLUB BAR,111.0
BL140,Certified Organic Extra Pale Ale,Turducken,7.0,9.0,CLUB PUSSYCAT,71.0
BL076,Troll Porter,Bull roast,8.0,7.0,AMBROSIA'S,64.0
BL024,Leroy Barleywine,Rolled oyster,8.0,7.0,BELVEDERE TOWERS CAFå,113.0
BL948,Piranha Pale Ale,Popcorn,10.0,6.0,BURGER KING # 13360,246.0
BL020,Bigfoot 2002,Seafood cocktail,5.0,9.0,CREPE DU JOUR,171.0
BL837,Ondineke Oilsjtersen Tripel,Pumpkin pie,7.0,9.0,CLIPPER MILL INN,101.0
BL364,Bavarian Bock,Apple sauce,9.0,7.0,ARAMARK FHC SPORTS (BAR 221),178.0
BL864,Irish Red,Succotash,6.0,8.0,EVERYDAY'S LLC,152.0
BL125,NÃ¸gne Ã˜ Brown Ale,Goulash,10.0,9.0,ALOHA TOKYO,137.0
BL146,Arabier,Cheese fries,5.0,10.0,FIVE POINT TAVERN,217.0
BL947,Winter Ale,Cuisine of the Thirteen Colonies,6.0,11.0,ARAMARK FHC SPORTS  (MAIN KITCHEN),65.0
BL585,Demolition,Barbecue (see below for specific types),9.0,7.0,CHINA CHEF,55.0
BL298,Ambree,Creamed corn,6.0,10.0,BIG TEE'S BAR & GRILL,249.0
BL370,Certified Organic Porter,Buffalo wing,10.0,7.0,DIMITRI'S TAVERN,65.0
BL534,Old Foghorn 2001,Macaroni and cheese,10.0,7.0,BULLSEYE BAR & GRILLE,68.0
BL577,Haymaker Extra Pale Ale,Cordon bleu,6.0,7.0,DONNA'S,158.0
BL389,Hell,London broil,7.0,10.0,CHIYO SUSHI,249.0
BL937,Cold Hop,Cornish game hen,6.0,11.0,BULL ROBINSON  LIQUORS (AKA 2736 GREENMOUNT AV,52.0
BL036,Snow Bound Winter Ale,Mission burrito,10.0,6.0,BOB DELI,102.0
BL665,Red Sled Winter Ale,Italian beef,6.0,10.0,B.G.'S PUB INCORPORATED,83.0
BL189,Podge Belgian Imperial Stout,Chicken à la King,5.0,8.0,CIRCUS BAR & RESTAURANT,120.0
BL337,Imperial Stout,Doughnut,6.0,7.0,ARIZONA BAR & GRILL,107.0
BL660,Aecht Schlenkerla Rauchbier Weizen,Squab,10.0,11.0,BARISTA ESPRESSO CAFå,169.0
BL501,Bison Brown Ale,Sausage gravy,10.0,8.0,CHUBBIES CLUB,100.0
BL719,Christmas Ale 2007,Eggs Benedict,10.0,10.0,CHESAPEAKE WINE COMPANY,144.0
BL862,Pitchfork Rebellious Bitter,Macaroni salad,9.0,5.0,CARLOS O'CHARLIES,144.0
BL610,Old Crustacean Barleywine 2006,Protein bar,8.0,10.0,CENTER STAGE,123.0
BL436,NÃ¸gne Ã˜ Imperial Stout,Juba,5.0,11.0,BIRDS OF A FEATHER,156.0
BL076,Saison Vielle Provision,Chicken French,8.0,8.0,BLEACHERS,218.0
BL129,Gueuze-Lambic,Jell-O,6.0,10.0,BEST WESTERN TRAVEL PLAZA,202.0
BL336,Alpine Gold,Lorna Doone,7.0,11.0,FOGO DE CHAO,240.0
BL924,Grimbergen Blonde,Cheesesteak,6.0,7.0,CORRADO'S CAFå,174.0
BL457,Super,Juba,6.0,8.0,DIMIS CAFå AND GRILL  INC.,108.0
BL801,Bitter,Hamburger,7.0,9.0,CHINESE DELIGHT,156.0
BL111,Imperial Porter,Clam cake,6.0,10.0,COOPER'S LIQUOR (568-570),193.0
BL143,Grimbergen Blonde,Apple sauce,8.0,9.0,BULL ROBINSON  LIQUORS (AKA 2736 GREENMOUNT AV,136.0
BL588,Modern Monks Belgian Blonde,Fortune cookie,8.0,6.0,BULL ROBINSON  LIQUORS (AKA 2736 GREENMOUNT AV,128.0
BL126,Pleasanton Pale,Potatoes O'Brien,8.0,7.0,CHUBBIES CLUB,135.0
BL402,Ultrabrune,Pork and beans,7.0,9.0,CHARLES RESTAURANT  &  CARRYOUT,147.0
BL962,Stouterik / The Brussels Stout,Succotash,10.0,6.0,GIBSON'S,179.0
BL597,NÃ¸gne Ã˜ Brown Ale,Garden salad,9.0,6.0,FIELDS OLD TRAIL,101.0
BL371,Obovoid Empirical Stout,Hamburger,9.0,9.0,AMERICAN LEGION FEDERAL POST #19,232.0
BL085,Fallen Angel Sweet Stout,Lobster roll,5.0,11.0,DESERT INN,61.0
BL781,Ultrablonde,Hot chicken sandwich,10.0,6.0,BALTIMORE MARRIOTT-INNER HARBOR/EMP. CAFETERIA,83.0
BL538,Stout,Sloppy joe,8.0,8.0,BOULDER GARDEN CAFE,72.0
BL842,Shining Star Pale Ale,Lobster Newberg,10.0,8.0,EDIE'S DELI & GRILL,160.0
BL534,Warm Welcome Nut Browned Ale,Blue-plate special,8.0,10.0,CHOW  MEIN CHARLIES  chinese food,52.0
BL700,Bully! Porter,Ice cream cake,6.0,10.0,BALTIMORE MARRIOTT-INNER HARBOR/EMP. CAFETERIA,218.0
BL559,Amber Ale,Bull roast,7.0,7.0,BELVEDERE TOWERS CAFå,225.0
BL359,Bender Beer,Chimichanga,8.0,9.0,GIBSON'S,53.0
BL484,Porter,Chowder,7.0,7.0,CHUCK'S,112.0
BL899,Pendle Witches Brew,Fajita,10.0,9.0,DONNA'S CHARLES VILLAGE  LLC,61.0
BL928,XTra,Steamed clams,9.0,9.0,APPLEBEE'S NEIGHBORHOOD GRILL & BAR,59.0
BL913,Lump of Coal Dark Holiday Stout,Jell-O,8.0,6.0,DASH SEAFOOD & CHICKEN,216.0
BL830,Super,Liver and onions,8.0,11.0,blue island malaysian cuisine,227.0
BL615,Red Ale,Fortune cookie,8.0,7.0,FIVE GUYS FAMOUS BURGERS & FRIES,169.0
BL231,Harvest Ale 2005 (Whisky),Deviled egg,6.0,5.0,EAST BALTIMORE ENTERPRISE,216.0
BL220,JÃ¶rger WeiÃŸe Hell,White chocolate,7.0,9.0,300 SOUTH ANN STREET,130.0
BL758,India Pale Ale,Mashed potato,8.0,10.0,CAROLINAS TEX- MEX RESTAURANT,193.0
BL662,Old Slug Porter,Corn dog,6.0,8.0,ANNS AT LEXINGTON PLACE,217.0
BL090,Double Pilsner,Mission burrito,9.0,6.0,club charles zodiac     (1724-1726 n. charles st),228.0
BL324,ESB (Extra Special Blizzard),German chocolate cake,11.0,8.0,CHIU'S SUSHI JAPANESE RESTAURANT,227.0
BL462,Tatonka Stout,Potato salad,8.0,6.0,europe restaurant & catering,193.0
BL571,Ultrablonde,Ice cream cake,8.0,8.0,5-MILE HOUSE,139.0
BL827,Furious Beer,Potato salad,10.0,11.0,CARLOS O'CHARLIES,244.0
BL010,EOS Hefeweizen,Maraca pie,9.0,5.0,europe restaurant & catering,240.0
BL134,Obovoid Empirical Stout,Pulled pork,6.0,9.0,GEORGIO'S,108.0
BL631,IPA,Creamed eggs on toast,9.0,11.0,CLUB BAR,122.0
BL876,Witte,Milk toast,8.0,8.0,DOWNTOWN SPORTS EXCHANGE,62.0
BL659,Paddle Out Stout,Sausage gravy,10.0,10.0,CAFå GOURMET,191.0
BL542,Hefe Weizen,Slinger,6.0,10.0,ELDORADO INC.,98.0
BL004,Oro de Calabaza,Chocolate chip cookies,7.0,7.0,EL TORITO MEXICAN RESTAURANT,147.0
BL592,Bigfoot 2004,Poppyseed muffin,10.0,7.0,FRIENDLY  FRIED  CHICKEN,99.0
BL453,La Moneuse,Steak sauce,9.0,10.0,AMERICAN FOOD SERVICE,191.0
BL660,Keller-Bier,Cheese dog,7.0,10.0,BRASS MONKEY SALOON,229.0
BL012,Cardinal Pale Ale,Milk toast,6.0,7.0,DUNKIN DONUTS/BASKIN ROBBINS,119.0
BL438,Ambree,Stuffed ham,8.0,7.0,CAFE' INTERNATIONALE,64.0
BL117,1809,Sour cream,6.0,6.0,GAFFNEY'S BACK FIN ( seasonal),188.0
BL894,Framboise,Chicken parmigiana,7.0,10.0,DREAMS INN,151.0
BL087,Certified Organic Amber Ale,French dip,10.0,6.0,AUSTIN GRILL,108.0
BL576,La Moneuse,Lobster Newberg,8.0,5.0,CHARM CITY INN,229.0
BL038,Alpine Gold,Ice cream cake,8.0,10.0,ASAHI SUSHI,178.0
BL316,Sapporo Premium Beer,Domesticated turkey,10.0,8.0,CHINA EUTAW EXPRESS,174.0
BL036,Bigfoot 2004,Ploye,10.0,10.0,EDO SUSHI,174.0
BL638,Epiphany Ale,Cornish game hen,8.0,10.0,FRIEND'S RESTAURANT AND SPIRITS,226.0
BL296,Imperial Stout,Barbecue (see below for specific types),8.0,10.0,CHOW  MEIN CHARLIES  chinese food,138.0
BL013,Imperial Hefeweizen,Lobster Newberg,9.0,7.0,DEGO DAME'S,61.0
BL122,Harvest Ale 2005 (Sherry),Swiss steak,9.0,7.0,CLUB MITCHELL,169.0
BL167,Bourbon Imperial Stout,Fry sauce,10.0,5.0,A TASTE OF CHINA,139.0
BL211,India Pale Ale,Ranch dressing,8.0,8.0,E C CAFå & CATERING,98.0
BL086,Bond Street 19th Anniversary,Clam chowder,8.0,8.0,CLUB OKAPI,186.0
BL000,Nightmare,Chili dog,10.0,6.0,DUNKIN DONUTS,227.0
BL293,Super,Potato wedges,8.0,9.0,ATWATER'S,107.0
BL504,Dubbel,Pepperoni,7.0,8.0,DEGO DAME'S,233.0
BL231,Piranha Pale Ale,Slinger,6.0,11.0,ARAMARK FHC SPORTS (BAR 217),86.0
BL022,Quelque Chose,Energy bar,7.0,11.0,BLUE POINT CRAB HOUSE (seasonal),123.0
BL973,La Divine Double Blond,Hot chicken sandwich,6.0,10.0,EAT MUST BE FIRST,174.0
BL320,Czech Lager,Pastrami,10.0,9.0,ARAMARK FHC SPORTS (BAR 236),159.0
BL877,Flemish Primitive Wild Ale (Pin Head),Steak sauce,10.0,7.0,CORRADO'S CAFå,154.0
BL763,Fat Belly Amber,Fried chicken,6.0,8.0,CHUCK'S,99.0
BL134,Golden Abbot Lager,Chicken and waffles,9.0,10.0,3 MILES HOUSE  INC.,148.0
BL341,Kilt Lifter Scottish Ale,Oysters Rockefeller,6.0,6.0,BACKSTRETCH SALOON,109.0
BL183,Summer Bright Ale,Smelt,10.0,8.0,COURTYARD BY MARRIOTT & COURTYARD CAFE & LOUNGE,89.0
BL104,Mocny BOSS / BOSS Beer,Deviled egg,10.0,7.0,EDIE'S DELI & GRILL,101.0
BL831,Double Pilsner,Biscuit (and Biscuits and gravy),8.0,6.0,GOLDEN WEST CAFå  INC.,227.0
BL230,Hibernation Ale,German chocolate cake,10.0,9.0,GINGER'S,94.0
BL322,Trout Slayer,American Chinese cuisine,7.0,10.0,CEDONIA INN,152.0
BL492,Petrus Blond Ale,Steamed clams,10.0,10.0,CORKS,174.0
null,Tatonka Stout,Deviled crab,8.0,10.0,ARCOS,86.0
