bartenderId,barLicense,Work Hours,
2821155846,RLukQlrxksjRjaYQjoZz,3PM--7PM,
9254911570,qMkSBWbxC,2PM--13PM,
9609442441,lQEfrLg,4PM--8PM,
4532516216,bNQVwc,2PM--11PM,
1131086722,tjqMIvvNtxlPYAPEsB,4PM--8PM,
5152550310,YtbUcQIVtbFRN,4PM--4PM,
7998956474,KWTdwvIgBmWrY,1PM--8PM,
7698561602,YtbUcQIVtbFRN,3PM--8PM,
1987260484,rFEMAicf,1PM--5PM,
8151559833,KprmPIOxea,2PM--6PM,
5665126797,DAhmibabDnJwATEbr,4PM--5PM,
5296246244,MswgVNVjY,2PM--7PM,
8037786347,QsDhvI,2PM--5PM,
7790391003,ImEcCSwpNBBjLuxzkQ,3PM--12PM,
0300447898,MbPHymLleVRzlRyPxzp,4PM--6PM,
5188706339,tUXtZFqgoabz,4PM--7PM,
8931254452,WXPCsQIopsQIHw,1PM--6PM,
6857749451,VxpLUTXUXt,4PM--11PM,
1499376394,BNHiZsYn,1PM--8PM,
9745705475,znNiblgEAF,3PM--4PM,
3997030922,bNQVwc,2PM--6PM,
0831879889,isIlxQggMbzmyWDeS,4PM--8PM,
7661522678,hGaNlarkleHyZdogWymi,4PM--9PM,
5211599536,EXsxJQS,1PM--12PM,
6592338549,cMYudMPX,2PM--12PM,
0340512685,QsDhvI,3PM--8PM,
2568275243,DAhmibabDnJwATEbr,1PM--11PM,
6275665400,WXPCsQIopsQIHw,2PM--10PM,
5658329157,aHViKlBpV,3PM--4PM,
6652762979,KPFgmVWDzrQOv,2PM--4PM,
0059756403,tjqMIvvNtxlPYAPEsB,2PM--6PM,
7632513742,FSbCFtpGLeu,3PM--10PM,
1652382366,cMYudMPX,4PM--13PM,
6774523882,XAhHVTjjTQFJcMG,1PM--12PM,
2677173416,ciazPsbeywuBYM,1PM--6PM,
6144650716,iBaKq,3PM--8PM,
5001412252,PAasBYvBr,2PM--7PM,
9905081703,PAasBYvBr,2PM--7PM,
5598879207,JbEMvY,3PM--13PM,
8089524536,QsDhvI,2PM--12PM,
1083539417,QsDhvI,2PM--12PM,
7096273938,lQEfrLg,2PM--8PM,
3994379207,rFEMAicf,3PM--5PM,
4497255430,nPZeeNQPmHaswXYmQS,3PM--11PM,
0059756403,MbPHymLleVRzlRyPxzp,2PM--13PM,
2001391804,SwUwIrksArHxRbOtsNv,4PM--6PM,
8862485518,afDxrRGvwtyXePEgXeQ,4PM--6PM,
8386758842,iBaKq,2PM--13PM,
6335013836,aHViKlBpV,2PM--8PM,
7047886572,KPFgmVWDzrQOv,2PM--11PM,
1114160437,YtbUcQIVtbFRN,4PM--8PM,
7698561602,FTVpRPv,2PM--4PM,
1133538438,LOqpHQoEJt,3PM--12PM,
9182863269,MRnQNysKkV,3PM--10PM,
8621054763,GEtCTQBuBxHjLGQ,2PM--7PM,
6290243000,KprmPIOxea,3PM--11PM,
2909658352,PdosmDgiHf,2PM--11PM,
4687120804,OdROrFvLjhfn,2PM--10PM,
8702757302,GepHphxGkVGmYJ,3PM--8PM,
9692477386,cUngxdbxvBlCMrdn,1PM--9PM,
4603937423,CidYnE,1PM--9PM,
3438026492,FSbCFtpGLeu,3PM--8PM,
5472291109,pdnra,3PM--5PM,
6027962976,LOqpHQoEJt,4PM--6PM,
5232642457,WcwMNdMaoqOMTFnkd,2PM--6PM,
4975101360,vVjjt,3PM--8PM,
1117465861,MbPHymLleVRzlRyPxzp,3PM--8PM,
2640214330,LgMkLnhFuAet,1PM--12PM,
0721715920,iBaKq,4PM--4PM,
7765059057,diOKL,2PM--4PM,
6406705655,znNiblgEAF,4PM--11PM,
9758742783,bNQVwc,3PM--10PM,
0010421363,LOqpHQoEJt,2PM--12PM,
9761419133,cEqJG,3PM--8PM,
2863911831,ntwWEKmcbPeGGV,4PM--13PM,
4906145184,diOKL,3PM--8PM,
1181715078,QsDhvI,2PM--6PM,
1683922716,LgMkLnhFuAet,4PM--11PM,
4976984521,QsDhvI,4PM--8PM,
2087363703,GGUvjYZmxSTgxhCa,4PM--5PM,
7828197166,QsDhvI,3PM--6PM,
9596301410,znNiblgEAF,2PM--6PM,
3610957715,GHMrHDaeiC,4PM--10PM,
3378873883,KPFgmVWDzrQOv,3PM--5PM,
7342677953,DAhmibabDnJwATEbr,1PM--11PM,
3976586768,aEFWCD,2PM--6PM,
1023383686,afDxrRGvwtyXePEgXeQ,3PM--6PM,
5749344266,VxpLUTXUXt,4PM--8PM,
3580385275,lQEfrLg,4PM--7PM,
7645451823,GHMrHDaeiC,3PM--5PM,
3414779406,qFZyr,4PM--6PM,
2424037468,rFEMAicf,4PM--4PM,
4160695422,KEenSyCXfojlJTr,1PM--11PM,
4269563064,siiWmYqPTHuJwxoP,2PM--7PM,
7124628850,WjpUBVYFy,3PM--13PM,
8649644554,rwmsoZ,4PM--12PM,
6937619898,iBaKq,2PM--12PM,
2609693263,ElstokWwsfuj,2PM--6PM,
1595090196,aHViKlBpV,1PM--12PM,
6823457960,SGoCjsapEP,1PM--13PM,
7435194293,afDxrRGvwtyXePEgXeQ,3PM--4PM,
9368188316,WcwMNdMaoqOMTFnkd,3PM--11PM,
6217233345,mIJDLo,1PM--6PM,
3754801129,tUXtZFqgoabz,4PM--7PM,
1842366086,diOKL,4PM--5PM,
4096565161,SRuKBSBp,1PM--8PM,
3084928574,cEqJG,2PM--5PM,
5391182067,yvsxNzBUG,3PM--7PM,
7426401917,SRuKBSBp,3PM--6PM,
3335621869,UXrEXjkEpnEKPdGPDos,3PM--10PM,
5168760412,XRtnbKONdDCKGhO,4PM--9PM,
0731798746,FCRyIZ,2PM--5PM,
1779053837,cEqJG,4PM--7PM,
4667511333,rwmsoZ,3PM--13PM,
1223674209,dyYqHYWn,2PM--9PM,
8453516008,dyYqHYWn,4PM--5PM,
0438902202,KprmPIOxea,2PM--12PM,
0327071326,SWJyatpbHlzSX,3PM--7PM,
1048010652,LOqpHQoEJt,3PM--6PM,
0053555007,GEtCTQBuBxHjLGQ,3PM--9PM,
2975749271,SwUwIrksArHxRbOtsNv,2PM--8PM,
1529435592,aEFWCD,4PM--10PM,
1982784887,kJcaAxPMYjvHQnDIIe,2PM--8PM,
0569622443,OdROrFvLjhfn,3PM--9PM,
7439381773,siiWmYqPTHuJwxoP,1PM--13PM,
3595296457,GuAMjsGVN,2PM--11PM,
7106664651,FCRyIZ,3PM--10PM,
8570999952,dxCpjqqwUz,3PM--4PM,
1874596790,znNiblgEAF,2PM--13PM,
0337257936,pdnra,2PM--6PM,
9977014997,ntwWEKmcbPeGGV,2PM--7PM,
8431279513,bNQVwc,3PM--6PM,
2027826614,aHViKlBpV,4PM--10PM,
0879509956,SwUwIrksArHxRbOtsNv,2PM--6PM,
6692251212,cJjtLirPRbzKXQTWfxc,3PM--6PM,
5949179339,rwmsoZ,2PM--6PM,
4018256880,WXPCsQIopsQIHw,2PM--12PM,
4242645556,GHMrHDaeiC,1PM--11PM,
3698809121,JbEMvY,3PM--8PM,
8238035941,pdnra,3PM--10PM,
6746776144,RLukQlrxksjRjaYQjoZz,2PM--11PM,
0451159424,PdosmDgiHf,3PM--5PM,
7572056535,WXPCsQIopsQIHw,1PM--11PM,
2808580210,KprmPIOxea,2PM--12PM,
6782925290,BNHiZsYn,2PM--12PM,
1125232100,afDxrRGvwtyXePEgXeQ,1PM--10PM,
8682341969,ciazPsbeywuBYM,1PM--4PM,
4160557941,eeKcKFZpMOQTNty,2PM--9PM,
0429534841,isIlxQggMbzmyWDeS,1PM--6PM,
1112463670,VLoofM,2PM--10PM,
3460631081,FSbCFtpGLeu,4PM--10PM,
3700984835,WcwMNdMaoqOMTFnkd,1PM--10PM,
4177279834,qzSQTQImakUPY,1PM--13PM,
5985757484,SGoCjsapEP,2PM--6PM,
1938485431,cMYudMPX,1PM--8PM,
9987672701,aHViKlBpV,2PM--11PM,
1444890284,RLukQlrxksjRjaYQjoZz,3PM--12PM,
3510589252,GtAhsVIaRzrFpRdFyKu,4PM--8PM,
6947865731,CidYnE,2PM--4PM,
1304326528,GGUvjYZmxSTgxhCa,3PM--8PM,
2448323561,ntwWEKmcbPeGGV,2PM--12PM,
7340415559,iBaKq,4PM--12PM,
2519219328,cEqJG,3PM--11PM,
3143921737,mIJDLo,1PM--6PM,
1909868947,GHMrHDaeiC,4PM--13PM,
0059756403,XAhHVTjjTQFJcMG,2PM--13PM,
5895911920,SwUwIrksArHxRbOtsNv,4PM--7PM,
3451193782,lQEfrLg,2PM--13PM,
8649822182,rwmsoZ,2PM--5PM,
4963184022,ElstokWwsfuj,3PM--6PM,
0937864248,ZlTKonSjwG,1PM--4PM,
3438026492,GGUvjYZmxSTgxhCa,1PM--10PM,
6329438557,sgtypZkWoNINUlZd,2PM--7PM,
2860529263,MRnQNysKkV,3PM--8PM,
5863214996,VxpLUTXUXt,3PM--6PM,
4439998598,LOqpHQoEJt,2PM--12PM,
7462987227,cJjtLirPRbzKXQTWfxc,3PM--4PM,
9127523561,XAhHVTjjTQFJcMG,1PM--10PM,
3530767503,WXPCsQIopsQIHw,2PM--11PM,
6134913761,tjqMIvvNtxlPYAPEsB,4PM--8PM,
3952437382,ImEcCSwpNBBjLuxzkQ,4PM--9PM,
8720243761,FSbCFtpGLeu,2PM--8PM,
1914381595,hNfavOCVeivafVmk,4PM--11PM,
1067489922,tUXtZFqgoabz,3PM--5PM,
8000166999,KPFgmVWDzrQOv,3PM--5PM,
0508553324,qFZyr,2PM--9PM,
8872237542,siiWmYqPTHuJwxoP,3PM--9PM,
2413431689,DkgnmDV,4PM--12PM,
7664476628,KWTdwvIgBmWrY,4PM--9PM,
6937619898,ahAzaOlgzskYHm,3PM--5PM,
8268234157,tVOfVLTQ,2PM--10PM,
1107222537,NdjjugTHnGG,3PM--5PM,
7117629097,EIQnqBUjwIxS,4PM--5PM,
4763193936,FUnaI,1PM--7PM,
8261709789,aEFWCD,1PM--10PM,
1869029574,afDxrRGvwtyXePEgXeQ,1PM--12PM,
6457520328,hNfavOCVeivafVmk,1PM--13PM,
4927971530,zBVBeAKZJ,1PM--10PM,
9166610349,XRtnbKONdDCKGhO,1PM--10PM,
8738022491,KEenSyCXfojlJTr,2PM--5PM,
3609943921,pdnra,3PM--8PM,
7612592374,ciazPsbeywuBYM,4PM--4PM,
1914381595,lQEfrLg,4PM--4PM,
0870550328,GepHphxGkVGmYJ,1PM--12PM,
8774503554,sgtypZkWoNINUlZd,2PM--13PM,
6799037369,aUUUnZbWGQXgqa,4PM--5PM,
1074567430,diOKL,3PM--11PM,
2591369454,DAhmibabDnJwATEbr,1PM--11PM,
9508701635,SwUwIrksArHxRbOtsNv,3PM--6PM,
3558194269,KPFgmVWDzrQOv,2PM--6PM,
4792277646,qLxhsiLTDCGrMCxNIFoJ,2PM--9PM,
5762580709,PIlFxWMCFMgzWYhpebtP,3PM--8PM,
0474890498,GGUvjYZmxSTgxhCa,3PM--11PM,
1632329351,VxpLUTXUXt,2PM--9PM,
2188853015,LOqpHQoEJt,3PM--8PM,
5784540365,qFZyr,3PM--10PM,
4529698598,XQkoxDNpYnXfX,3PM--8PM,
3842905432,cEqJG,2PM--13PM,
6563161725,mIJDLo,3PM--10PM,
1202511075,zBVBeAKZJ,3PM--6PM,
6866825117,bjFBxlEu,4PM--9PM,
1514610896,cEqJG,2PM--8PM,
1444890284,tUXtZFqgoabz,2PM--8PM,
9070732177,hGaNlarkleHyZdogWymi,3PM--10PM,
3043461584,siiWmYqPTHuJwxoP,2PM--9PM,
1921269167,iBaKq,4PM--9PM,
3678171889,iBaKq,1PM--8PM,
0215486329,YtbUcQIVtbFRN,2PM--8PM,
1595090196,tVOfVLTQ,1PM--11PM,
5524474901,PAasBYvBr,1PM--12PM,
8290396182,NdjjugTHnGG,2PM--7PM,
7858688196,afDxrRGvwtyXePEgXeQ,4PM--6PM,
2519219328,lQEfrLg,1PM--8PM,
4477906243,BNHiZsYn,3PM--6PM,
2104182796,ImEcCSwpNBBjLuxzkQ,2PM--4PM,
1046414973,FSbCFtpGLeu,3PM--4PM,
4931301813,RLukQlrxksjRjaYQjoZz,2PM--12PM,
1937683379,PAasBYvBr,3PM--9PM,
2847767811,BNHiZsYn,4PM--7PM,
2529824094,dxCpjqqwUz,1PM--6PM,
2012616417,ciazPsbeywuBYM,4PM--4PM,
8331062221,GuAMjsGVN,4PM--6PM,
5695534832,QsDhvI,4PM--10PM,
8187775085,XQkoxDNpYnXfX,2PM--8PM,
9700539437,cUngxdbxvBlCMrdn,2PM--4PM,
9557895799,vIXwFY,4PM--7PM,
1110724585,SWJyatpbHlzSX,3PM--5PM,
6836782039,MswgVNVjY,3PM--10PM,
9187420771,VxpLUTXUXt,3PM--11PM,
9508216605,QsDhvI,3PM--11PM,
8968457765,yvsxNzBUG,3PM--9PM,
0440543963,JbEMvY,3PM--7PM,
4296117618,GEtCTQBuBxHjLGQ,2PM--4PM,
6125396222,QsDhvI,1PM--9PM,
5793351575,KEenSyCXfojlJTr,2PM--11PM,
3254652105,nPZeeNQPmHaswXYmQS,3PM--7PM,
8272199180,ElstokWwsfuj,2PM--5PM,
6103694552,hNfavOCVeivafVmk,2PM--13PM,
7310184385,MswgVNVjY,1PM--7PM,
8029444592,DkgnmDV,1PM--11PM,
5082775062,VLoofM,4PM--5PM,
4464213431,FCRyIZ,3PM--8PM,
1473105883,VxpLUTXUXt,1PM--12PM,
7286526208,bjFBxlEu,1PM--9PM,
2575385978,WjpUBVYFy,3PM--9PM,
5232630272,QsDhvI,1PM--10PM,
0723793881,zBVBeAKZJ,4PM--12PM,
1857465421,PIlFxWMCFMgzWYhpebtP,1PM--4PM,
9607314145,MswgVNVjY,2PM--12PM,
4657659146,ntwWEKmcbPeGGV,4PM--12PM,
9191994912,dxCpjqqwUz,4PM--7PM,
6110037688,OdROrFvLjhfn,4PM--4PM,
8337405971,cMYudMPX,2PM--12PM,
2977134700,vVjjt,2PM--5PM,
0172466016,DkgnmDV,3PM--10PM,
7298706336,PdosmDgiHf,1PM--8PM,
7935014727,PIlFxWMCFMgzWYhpebtP,2PM--11PM,
9171761844,cJjtLirPRbzKXQTWfxc,3PM--12PM,
0792670354,XAhHVTjjTQFJcMG,3PM--10PM,
4407996909,aEFWCD,3PM--7PM,
7303023020,hGaNlarkleHyZdogWymi,2PM--12PM,
9267221944,yvsxNzBUG,2PM--6PM,
3068134160,cyBAsWWMXXvUDdt,3PM--9PM,
3103119984,siiWmYqPTHuJwxoP,2PM--5PM,
7722488872,KWTdwvIgBmWrY,1PM--11PM,
6622588880,PIlFxWMCFMgzWYhpebtP,1PM--12PM,
8238035941,GHMrHDaeiC,4PM--12PM,
2411728257,MbPHymLleVRzlRyPxzp,1PM--10PM,
9351563781,aEFWCD,4PM--6PM,
2957521725,GHMrHDaeiC,2PM--4PM,
7258835320,WXPCsQIopsQIHw,2PM--13PM,
1455234067,tjqMIvvNtxlPYAPEsB,4PM--5PM,
6334588299,qFZyr,2PM--6PM,
9796397669,WXPCsQIopsQIHw,4PM--4PM,
8023730572,JbEMvY,1PM--8PM,
6919644919,hGaNlarkleHyZdogWymi,4PM--5PM,
8739513993,XAhHVTjjTQFJcMG,3PM--7PM,
5726178058,MswgVNVjY,1PM--4PM,
6380642824,vVjjt,4PM--11PM,
5535398397,cEqJG,2PM--12PM,
8602634396,tVOfVLTQ,2PM--5PM,
6814279150,DAhmibabDnJwATEbr,1PM--6PM,
4721492459,nPZeeNQPmHaswXYmQS,3PM--12PM,
8575936161,yvsxNzBUG,3PM--9PM,
9945109007,lQEfrLg,2PM--13PM,
6562474102,afDxrRGvwtyXePEgXeQ,4PM--5PM,
2323586258,kJcaAxPMYjvHQnDIIe,3PM--8PM,
3429783156,mQKBM,3PM--6PM,
0494219490,sgtypZkWoNINUlZd,3PM--13PM,
9652428943,PIlFxWMCFMgzWYhpebtP,2PM--13PM,
0382950026,isIlxQggMbzmyWDeS,2PM--12PM,
8168490218,PIlFxWMCFMgzWYhpebtP,2PM--12PM,
9215341685,VLoofM,1PM--5PM,
5141877044,afDxrRGvwtyXePEgXeQ,4PM--10PM,
5248753688,dxCpjqqwUz,3PM--5PM,
2356041511,RLukQlrxksjRjaYQjoZz,2PM--9PM,
0928206702,YtbUcQIVtbFRN,2PM--12PM,
3415560977,WcwMNdMaoqOMTFnkd,2PM--5PM,
7794248254,cUngxdbxvBlCMrdn,2PM--11PM,
3178164862,XQkoxDNpYnXfX,4PM--8PM,
2069159515,PdosmDgiHf,4PM--7PM,
3091630955,NdjjugTHnGG,2PM--10PM,
8369512118,GHMrHDaeiC,2PM--11PM,
1015718942,mUkZaCztpHVIXTV,2PM--6PM,
2927347874,WjpUBVYFy,3PM--5PM,
7870849593,cyBAsWWMXXvUDdt,3PM--13PM,
9771530992,pdnra,4PM--4PM,
9031626528,ImEcCSwpNBBjLuxzkQ,2PM--6PM,
7958643820,vVjjt,4PM--8PM,
9806553444,mQKBM,3PM--9PM,
1510525063,isIlxQggMbzmyWDeS,4PM--13PM,
6505798986,DAhmibabDnJwATEbr,2PM--11PM,
1859890239,DAhmibabDnJwATEbr,4PM--12PM,
6228540089,qFZyr,2PM--4PM,
5241195584,GGUvjYZmxSTgxhCa,4PM--12PM,
3691639612,PdosmDgiHf,3PM--6PM,
3812700483,LOqpHQoEJt,2PM--12PM,
3355990381,WjpUBVYFy,4PM--4PM,
9553472223,cyBAsWWMXXvUDdt,3PM--10PM,
8891637510,hGaNlarkleHyZdogWymi,2PM--11PM,
9174903508,UXrEXjkEpnEKPdGPDos,4PM--8PM,
0236690207,WjpUBVYFy,3PM--5PM,
3615562136,MRnQNysKkV,2PM--11PM,
7761597568,PIlFxWMCFMgzWYhpebtP,2PM--12PM,
2909658352,MbPHymLleVRzlRyPxzp,3PM--5PM,
5471167802,MRnQNysKkV,1PM--4PM,
6719590441,FSbCFtpGLeu,3PM--8PM,
7899587187,yvsxNzBUG,4PM--13PM,
7285477992,GuAMjsGVN,3PM--8PM,
2804913458,eeKcKFZpMOQTNty,3PM--4PM,
0851236764,sgtypZkWoNINUlZd,1PM--6PM,
9029742702,afDxrRGvwtyXePEgXeQ,1PM--13PM,
9454816177,cUngxdbxvBlCMrdn,2PM--8PM,
6234246664,ciazPsbeywuBYM,4PM--5PM,
1334877459,YTXhp,4PM--9PM,
3593979935,znNiblgEAF,2PM--13PM,
1216745391,NdjjugTHnGG,3PM--10PM,
3745966476,cMYudMPX,2PM--9PM,
4269915824,rwmsoZ,4PM--12PM,
8443915237,EXsxJQS,2PM--10PM,
5081123486,isIlxQggMbzmyWDeS,2PM--8PM,
1246693813,zBVBeAKZJ,4PM--13PM,
2345047387,afDxrRGvwtyXePEgXeQ,2PM--7PM,
8127837372,DuHTDrfngt,3PM--11PM,
6143540332,MRnQNysKkV,3PM--8PM,
4452330831,XAhHVTjjTQFJcMG,1PM--8PM,
1036362685,PAasBYvBr,1PM--11PM,
0793255065,GepHphxGkVGmYJ,3PM--12PM,
3259741419,EXsxJQS,2PM--6PM,
2023633187,PAasBYvBr,2PM--11PM,
4236236104,NdjjugTHnGG,2PM--11PM,
8453516008,DAhmibabDnJwATEbr,4PM--11PM,
6290990062,znNiblgEAF,2PM--12PM,
4555057382,XRtnbKONdDCKGhO,3PM--7PM,
8621054763,FTVpRPv,4PM--7PM,
6437299963,cyBAsWWMXXvUDdt,1PM--13PM,
7852512103,tUXtZFqgoabz,3PM--6PM,
9599843201,UXrEXjkEpnEKPdGPDos,1PM--7PM,
2345047387,GEtCTQBuBxHjLGQ,1PM--8PM,
8584943232,LgMkLnhFuAet,2PM--5PM,
0684095349,MswgVNVjY,3PM--6PM,
1982648720,VxpLUTXUXt,4PM--13PM,
8774503554,cyBAsWWMXXvUDdt,3PM--11PM,
1884426350,eeKcKFZpMOQTNty,2PM--13PM,
6127841722,yvsxNzBUG,4PM--8PM,
9433590289,YtbUcQIVtbFRN,3PM--7PM,
0178856001,afDxrRGvwtyXePEgXeQ,1PM--4PM,
0585299292,bjFBxlEu,3PM--6PM,
4045351499,YTXhp,2PM--13PM,
7525323332,aHViKlBpV,2PM--7PM,
3136439373,VxpLUTXUXt,3PM--10PM,
2591888086,PIlFxWMCFMgzWYhpebtP,2PM--8PM,
8337405971,hGaNlarkleHyZdogWymi,2PM--5PM,
9250032875,DuHTDrfngt,3PM--5PM,
5559595147,siiWmYqPTHuJwxoP,4PM--7PM,
2921957469,CidYnE,4PM--5PM,
6566908371,YTXhp,2PM--6PM,
0664371321,CidYnE,4PM--8PM,
9250032875,GepHphxGkVGmYJ,2PM--6PM,
1763134230,mQKBM,3PM--12PM,
0433838452,ahAzaOlgzskYHm,3PM--5PM,
3249662489,SRuKBSBp,4PM--8PM,
6079224849,GHMrHDaeiC,2PM--6PM,
3395949934,qLxhsiLTDCGrMCxNIFoJ,3PM--8PM,
7749516724,NdjjugTHnGG,3PM--4PM,
6007745802,aUUUnZbWGQXgqa,1PM--4PM,
4320915384,PAasBYvBr,3PM--8PM,
2756397919,ciazPsbeywuBYM,3PM--12PM,
3423188167,MRnQNysKkV,3PM--5PM,
2076312321,mIJDLo,2PM--10PM,
9975462780,mQKBM,2PM--5PM,
3326714650,FTVpRPv,3PM--10PM,
9871272952,PdosmDgiHf,1PM--11PM,
9809853050,qFZyr,4PM--11PM,
9689556132,znNiblgEAF,3PM--8PM,
7282200309,DkgnmDV,4PM--11PM,
4914847903,sgtypZkWoNINUlZd,2PM--13PM,
4766570180,OdROrFvLjhfn,2PM--12PM,
8086569868,EIQnqBUjwIxS,1PM--12PM,
2981634537,tVOfVLTQ,1PM--11PM,
9253025688,bjFBxlEu,4PM--8PM,
1231971231,mQKBM,4PM--10PM,
1958412394,GepHphxGkVGmYJ,1PM--6PM,
9504794334,VxpLUTXUXt,4PM--5PM,
5886443257,afDxrRGvwtyXePEgXeQ,2PM--11PM,
0806889329,isIlxQggMbzmyWDeS,3PM--5PM,
5528297298,cUngxdbxvBlCMrdn,2PM--5PM,
0366509542,aEFWCD,1PM--13PM,
0780401740,yvsxNzBUG,3PM--8PM,
1100166763,yvsxNzBUG,2PM--5PM,
0238491077,CidYnE,2PM--12PM,
4529698598,SGoCjsapEP,3PM--11PM,
7698561602,GtAhsVIaRzrFpRdFyKu,2PM--11PM,
2992518312,diOKL,3PM--7PM,
0495040546,PdosmDgiHf,3PM--11PM,
6512762536,cyBAsWWMXXvUDdt,1PM--11PM,
1379299472,GepHphxGkVGmYJ,3PM--12PM,
6117932209,GHMrHDaeiC,1PM--5PM,
2430821625,SGoCjsapEP,4PM--11PM,
3077439397,LgMkLnhFuAet,3PM--5PM,
3527557144,EIQnqBUjwIxS,4PM--10PM,
0381072235,RLukQlrxksjRjaYQjoZz,4PM--4PM,
9690738013,EXsxJQS,2PM--8PM,
4931301813,MswgVNVjY,3PM--8PM,
3249662489,RLukQlrxksjRjaYQjoZz,3PM--12PM,
2721436927,DkgnmDV,2PM--4PM,
6229694268,KWTdwvIgBmWrY,2PM--13PM,
8315788433,YTXhp,2PM--6PM,
3738460597,KprmPIOxea,3PM--9PM,
8328609860,FCRyIZ,4PM--4PM,
3819728010,qzSQTQImakUPY,4PM--9PM,
1304846234,nPZeeNQPmHaswXYmQS,4PM--6PM,
7542664480,RLukQlrxksjRjaYQjoZz,3PM--10PM,
7933355087,zBVBeAKZJ,3PM--9PM,
0973915877,GGUvjYZmxSTgxhCa,4PM--13PM,
8774320155,FSbCFtpGLeu,1PM--12PM,
2176358422,DAhmibabDnJwATEbr,3PM--8PM,
3332243412,bjFBxlEu,2PM--13PM,
3923698397,DAhmibabDnJwATEbr,2PM--8PM,
5080513520,JbEMvY,1PM--5PM,
4604327949,WcwMNdMaoqOMTFnkd,4PM--7PM,
9797646073,FCRyIZ,1PM--6PM,
8452035653,cyBAsWWMXXvUDdt,4PM--5PM,
0978757625,qzSQTQImakUPY,1PM--9PM,
0944867873,MRnQNysKkV,2PM--11PM,
1498242274,MbPHymLleVRzlRyPxzp,1PM--8PM,
0910700231,diOKL,1PM--11PM,
1793143770,JbEMvY,3PM--11PM,
6846185835,iBaKq,4PM--6PM,
4604736246,DAhmibabDnJwATEbr,2PM--13PM,
4161990339,FTVpRPv,3PM--7PM,
2247206557,mIJDLo,2PM--10PM,
7141486655,vIXwFY,2PM--8PM,
7824754862,FUnaI,2PM--10PM,
1647535914,yvsxNzBUG,2PM--13PM,
4885283657,tUXtZFqgoabz,2PM--12PM,
7825953819,WjpUBVYFy,3PM--8PM,
9697388924,XQkoxDNpYnXfX,4PM--9PM,
4012273430,zBVBeAKZJ,3PM--5PM,
5538841364,FSbCFtpGLeu,4PM--6PM,
2804913458,znNiblgEAF,2PM--5PM,
1754681590,GepHphxGkVGmYJ,2PM--7PM,
7167811072,mQKBM,1PM--8PM,
8489143751,lQEfrLg,2PM--4PM,
2542291637,bjFBxlEu,1PM--4PM,
3956856274,hNfavOCVeivafVmk,3PM--10PM,
0705820499,kJcaAxPMYjvHQnDIIe,3PM--5PM,
3888799991,ahAzaOlgzskYHm,2PM--12PM,
5881794936,WXPCsQIopsQIHw,4PM--6PM,
6854567417,LOqpHQoEJt,3PM--13PM,
8295801062,SWJyatpbHlzSX,2PM--6PM,
4416546461,GHMrHDaeiC,1PM--7PM,
7953076726,dxCpjqqwUz,3PM--8PM,
0438902202,cMYudMPX,4PM--10PM,
3355131182,bjFBxlEu,3PM--8PM,
2151336766,JbEMvY,1PM--4PM,
8307525400,cyBAsWWMXXvUDdt,1PM--9PM,
6166125801,FUnaI,1PM--9PM,
4432761199,hGaNlarkleHyZdogWymi,3PM--4PM,
1628434448,SRuKBSBp,3PM--13PM,
6041953641,lQEfrLg,1PM--10PM,
3284018597,vIXwFY,2PM--12PM,
9353265236,RLukQlrxksjRjaYQjoZz,3PM--11PM,
2570844556,aUUUnZbWGQXgqa,4PM--9PM,
9959719652,cEqJG,2PM--8PM,
6103694552,eeKcKFZpMOQTNty,2PM--12PM,
8089524536,rwmsoZ,2PM--13PM,
2876605357,GHMrHDaeiC,2PM--10PM,
7617409510,PAasBYvBr,3PM--7PM,
0413865330,DAhmibabDnJwATEbr,4PM--4PM,
7537905600,KEenSyCXfojlJTr,4PM--7PM,
8412603088,GGUvjYZmxSTgxhCa,3PM--6PM,
4740976589,ElstokWwsfuj,3PM--10PM,
3699928781,GuAMjsGVN,2PM--10PM,
7868417465,mIJDLo,2PM--9PM,
9885562076,rFEMAicf,1PM--4PM,
9686910756,bNQVwc,4PM--5PM,
6698352893,SRuKBSBp,2PM--4PM,
9406765410,qMkSBWbxC,3PM--11PM,
6448878871,aUUUnZbWGQXgqa,3PM--10PM,
0810639396,siiWmYqPTHuJwxoP,2PM--10PM,
1748365024,cEqJG,3PM--9PM,
5034676511,heQJVn,1PM--8PM,
2427447539,MswgVNVjY,2PM--7PM,
0138376166,vVjjt,2PM--13PM,
9291466604,VLoofM,4PM--11PM,
8505976618,iBaKq,4PM--6PM,
1501701003,yvsxNzBUG,2PM--11PM,
2505232477,XAhHVTjjTQFJcMG,3PM--10PM,
7425276700,EIQnqBUjwIxS,3PM--7PM,
2315355862,KWTdwvIgBmWrY,3PM--8PM,
7176524989,VxpLUTXUXt,3PM--8PM,
4643518673,ZlTKonSjwG,2PM--5PM,
0949485281,VxpLUTXUXt,2PM--4PM,
6895233337,tUXtZFqgoabz,4PM--12PM,
6819386604,mQKBM,2PM--12PM,
7954175735,yvsxNzBUG,2PM--6PM,
0157290483,BNHiZsYn,3PM--8PM,
2507117632,tVOfVLTQ,4PM--6PM,
2397264501,WXPCsQIopsQIHw,2PM--9PM,
5469144280,nPZeeNQPmHaswXYmQS,2PM--12PM,
0290272782,GepHphxGkVGmYJ,2PM--8PM,
1717137449,GuAMjsGVN,1PM--4PM,
5953066521,lQEfrLg,3PM--6PM,
0758065498,iBaKq,3PM--8PM,
0455318678,PdosmDgiHf,2PM--4PM,
4300311221,heQJVn,3PM--12PM,
1382342935,GEtCTQBuBxHjLGQ,1PM--12PM,
3414779406,qLxhsiLTDCGrMCxNIFoJ,1PM--8PM,
9429153180,cyBAsWWMXXvUDdt,3PM--7PM,
6671730388,RLukQlrxksjRjaYQjoZz,3PM--7PM,
3503489573,tVOfVLTQ,3PM--8PM,
6689778969,ElstokWwsfuj,2PM--9PM,
4954787498,pdnra,2PM--8PM,
1870409636,FCRyIZ,4PM--11PM,
0907033526,iBaKq,1PM--6PM,
4959477815,MswgVNVjY,3PM--6PM,
0958263120,isIlxQggMbzmyWDeS,2PM--8PM,
0505039336,DAhmibabDnJwATEbr,2PM--9PM,
3719957158,aHViKlBpV,4PM--12PM,
5480775171,LgMkLnhFuAet,3PM--9PM,
7377764525,WjpUBVYFy,3PM--10PM,
4756266395,zBVBeAKZJ,4PM--13PM,
0851750804,sgtypZkWoNINUlZd,3PM--6PM,
4199882285,aUUUnZbWGQXgqa,4PM--7PM,
6373945644,CidYnE,1PM--8PM,
7294698606,DkgnmDV,4PM--12PM,
8001909820,NdjjugTHnGG,3PM--6PM,
9977014997,vIXwFY,2PM--11PM,
5360580941,YtbUcQIVtbFRN,2PM--5PM,
1987260484,qFZyr,2PM--8PM,
4444576151,eeKcKFZpMOQTNty,4PM--7PM,
4705554515,cUngxdbxvBlCMrdn,4PM--6PM,
9903752657,RLukQlrxksjRjaYQjoZz,3PM--6PM,
5533380737,EIQnqBUjwIxS,2PM--5PM,
3499090799,mIJDLo,3PM--4PM,
7834087165,MVJELwFUqogMx,3PM--11PM,
6478558246,LOqpHQoEJt,3PM--7PM,
5894890839,bNQVwc,4PM--10PM,
8036407117,znNiblgEAF,4PM--12PM,
1279307504,isIlxQggMbzmyWDeS,3PM--5PM,
5899038796,bjFBxlEu,4PM--11PM,
9571031677,aEFWCD,1PM--5PM,
9166610349,MbPHymLleVRzlRyPxzp,3PM--5PM,
8000166999,VLoofM,3PM--12PM,
3842905432,JbEMvY,4PM--4PM,
4750876320,pdnra,2PM--6PM,
0754108825,tjqMIvvNtxlPYAPEsB,4PM--4PM,
6611384682,eeKcKFZpMOQTNty,2PM--11PM,
5530569334,bNQVwc,3PM--5PM,
8690550854,ciazPsbeywuBYM,3PM--11PM,
8876943349,qFZyr,4PM--10PM,
0282052506,LOqpHQoEJt,1PM--11PM,
3192969298,nPZeeNQPmHaswXYmQS,2PM--6PM,
7016738748,MswgVNVjY,2PM--11PM,
6702409477,PAasBYvBr,1PM--12PM,
5232978363,YtbUcQIVtbFRN,4PM--10PM,
6013869361,tUXtZFqgoabz,2PM--12PM,
1932746947,PAasBYvBr,4PM--11PM,
4148602007,KPFgmVWDzrQOv,4PM--12PM,
9382851560,KprmPIOxea,3PM--8PM,
0775138246,GuAMjsGVN,3PM--6PM,
1692699441,FTVpRPv,4PM--9PM,
2538925905,bjFBxlEu,2PM--7PM,
6010021071,vIXwFY,4PM--6PM,
5517998808,zBVBeAKZJ,3PM--6PM,
8653144252,eeKcKFZpMOQTNty,1PM--9PM,
0763145879,vIXwFY,3PM--11PM,
0037546939,VxpLUTXUXt,3PM--7PM,
9267221944,bNQVwc,2PM--7PM,
9821019487,aHViKlBpV,1PM--10PM,
8328609860,aUUUnZbWGQXgqa,1PM--10PM,
8261678599,rwmsoZ,3PM--12PM,
2639746097,bjFBxlEu,3PM--8PM,
7255508241,SwUwIrksArHxRbOtsNv,2PM--8PM,
7441302714,FTVpRPv,2PM--8PM,
1776536192,cMYudMPX,1PM--9PM,
0850543691,DAhmibabDnJwATEbr,2PM--7PM,
6207216911,OdROrFvLjhfn,3PM--10PM,
1745204698,hGaNlarkleHyZdogWymi,1PM--12PM,
3207211705,ahAzaOlgzskYHm,2PM--11PM,
4217333437,NdjjugTHnGG,1PM--9PM,
5602162314,ntwWEKmcbPeGGV,3PM--6PM,
6470805159,tVOfVLTQ,3PM--10PM,
0273447639,OdROrFvLjhfn,2PM--6PM,
2519219328,YTXhp,1PM--9PM,
4849883945,QsDhvI,3PM--11PM,
5916182221,KPFgmVWDzrQOv,4PM--7PM,
3585519337,FSbCFtpGLeu,2PM--10PM,
4281172779,FUnaI,3PM--7PM,
7541105361,aEFWCD,2PM--9PM,
9124577887,dyYqHYWn,2PM--11PM,
5696134431,JbEMvY,3PM--10PM,
7151516788,WXPCsQIopsQIHw,4PM--11PM,
6800325464,MbPHymLleVRzlRyPxzp,3PM--10PM,
7585043906,tjqMIvvNtxlPYAPEsB,2PM--8PM,
1191904480,YtbUcQIVtbFRN,1PM--13PM,
2218722096,zBVBeAKZJ,2PM--8PM,
5136500408,KPFgmVWDzrQOv,1PM--10PM,
9135798285,isIlxQggMbzmyWDeS,3PM--6PM,
8656557557,cyBAsWWMXXvUDdt,3PM--9PM,
1381833260,GepHphxGkVGmYJ,2PM--11PM,
7256552210,FTVpRPv,1PM--6PM,
8603836545,qLxhsiLTDCGrMCxNIFoJ,2PM--4PM,
2338528809,kJcaAxPMYjvHQnDIIe,3PM--7PM,
6821252484,GepHphxGkVGmYJ,4PM--12PM,
7304445859,VLoofM,2PM--12PM,
2204545040,bjFBxlEu,3PM--9PM,
6477920353,iBaKq,1PM--12PM,
4574920586,ElstokWwsfuj,2PM--6PM,
0178011284,DAhmibabDnJwATEbr,3PM--11PM,
4767382486,zBVBeAKZJ,1PM--5PM,
1191927044,QsDhvI,2PM--11PM,
6671002715,cyBAsWWMXXvUDdt,2PM--5PM,
6975380194,sgtypZkWoNINUlZd,3PM--6PM,
8356709866,DuHTDrfngt,2PM--11PM,
0723793881,aUUUnZbWGQXgqa,4PM--4PM,
5512734473,KprmPIOxea,2PM--4PM,
6488946823,siiWmYqPTHuJwxoP,1PM--11PM,
4271592468,SRuKBSBp,3PM--12PM,
9329358222,lQEfrLg,2PM--11PM,
3605621785,mIJDLo,1PM--5PM,
0010421363,qzSQTQImakUPY,2PM--6PM,
4671854642,dxCpjqqwUz,3PM--11PM,
7784181487,MbPHymLleVRzlRyPxzp,2PM--4PM,
5223244758,KPFgmVWDzrQOv,3PM--10PM,
1576794805,YtbUcQIVtbFRN,3PM--8PM,
1432211442,PdosmDgiHf,1PM--12PM,
7805932965,OdROrFvLjhfn,4PM--5PM,
9607314145,PIlFxWMCFMgzWYhpebtP,4PM--5PM,
3064563774,SGoCjsapEP,4PM--12PM,
4424890333,hNfavOCVeivafVmk,3PM--11PM,
3733733075,qFZyr,3PM--10PM,
7583823545,lQEfrLg,2PM--5PM,
4197466396,UXrEXjkEpnEKPdGPDos,4PM--11PM,
1046414973,FSbCFtpGLeu,1PM--13PM,
1720310562,DuHTDrfngt,3PM--5PM,
3544953253,DkgnmDV,3PM--6PM,
0174810442,qFZyr,3PM--7PM,
2031458248,NdjjugTHnGG,1PM--8PM,
1480309959,PdosmDgiHf,4PM--9PM,
4715341728,SGoCjsapEP,1PM--5PM,
1131086722,vVjjt,3PM--11PM,
5480775171,LOqpHQoEJt,4PM--11PM,
2116670805,ImEcCSwpNBBjLuxzkQ,4PM--7PM,
3942733852,DAhmibabDnJwATEbr,1PM--6PM,
0059756403,cyBAsWWMXXvUDdt,1PM--4PM,
6217233345,GuAMjsGVN,3PM--10PM,
3565217207,bjFBxlEu,3PM--8PM,
3245037174,aUUUnZbWGQXgqa,3PM--9PM,
2309399715,eeKcKFZpMOQTNty,1PM--10PM,
0368521183,LOqpHQoEJt,2PM--6PM,
6293179469,WjpUBVYFy,3PM--5PM,
7771304555,MRnQNysKkV,4PM--6PM,
3048262773,yvsxNzBUG,4PM--10PM,
5760196197,qzSQTQImakUPY,2PM--11PM,
6704528097,MbPHymLleVRzlRyPxzp,1PM--12PM,
3022272064,KEenSyCXfojlJTr,4PM--4PM,
1921315904,mQKBM,4PM--9PM,
4455160445,cUngxdbxvBlCMrdn,4PM--4PM,
9168584465,dyYqHYWn,1PM--13PM,
0684095349,sgtypZkWoNINUlZd,4PM--10PM,
4645668627,lQEfrLg,3PM--12PM,
3503952577,MswgVNVjY,2PM--8PM,
8226659728,NdjjugTHnGG,1PM--12PM,
9200519861,nPZeeNQPmHaswXYmQS,1PM--9PM,
7595424797,GepHphxGkVGmYJ,3PM--8PM,
1759909852,FTVpRPv,1PM--5PM,
2927347874,lQEfrLg,4PM--11PM,
1264183400,WXPCsQIopsQIHw,4PM--7PM,
8274575185,SwUwIrksArHxRbOtsNv,3PM--8PM,
3235026675,bjFBxlEu,4PM--6PM,
6334588299,DkgnmDV,4PM--5PM,
1334667105,ZlTKonSjwG,2PM--8PM,
7905684457,PAasBYvBr,2PM--5PM,
0106626954,ElstokWwsfuj,1PM--13PM,
4497031181,QsDhvI,3PM--8PM,
5838146168,vIXwFY,4PM--12PM,
9488942702,pdnra,2PM--5PM,
9413864023,WjpUBVYFy,2PM--10PM,
4940261365,PAasBYvBr,4PM--12PM,
7928087851,SGoCjsapEP,3PM--6PM,
6804929816,GGUvjYZmxSTgxhCa,3PM--5PM,
7166551200,mUkZaCztpHVIXTV,1PM--8PM,
2201610026,MswgVNVjY,2PM--7PM,
7348849344,znNiblgEAF,1PM--13PM,
1147534351,GuAMjsGVN,2PM--7PM,
6953987752,GtAhsVIaRzrFpRdFyKu,1PM--7PM,
9281956336,BNHiZsYn,3PM--8PM,
2049060752,ImEcCSwpNBBjLuxzkQ,4PM--6PM,
3481866578,MbPHymLleVRzlRyPxzp,2PM--7PM,
6737970471,XQkoxDNpYnXfX,2PM--7PM,
4807245875,ImEcCSwpNBBjLuxzkQ,2PM--12PM,
6148538117,ciazPsbeywuBYM,4PM--5PM,
8774320155,CidYnE,1PM--12PM,
0638525160,ZlTKonSjwG,1PM--8PM,
6091065310,MswgVNVjY,4PM--7PM,
8385012250,NdjjugTHnGG,2PM--13PM,
4555057382,MRnQNysKkV,1PM--6PM,
2391771532,cUngxdbxvBlCMrdn,4PM--9PM,
2328442319,PdosmDgiHf,3PM--11PM,
7478653803,yvsxNzBUG,1PM--10PM,
3700984835,SRuKBSBp,3PM--6PM,
2118957005,FSbCFtpGLeu,3PM--4PM,
6228540089,diOKL,1PM--8PM,
8950797996,CidYnE,4PM--6PM,
6881181870,DAhmibabDnJwATEbr,2PM--12PM,
3270991406,YtbUcQIVtbFRN,1PM--10PM,
0378116879,GEtCTQBuBxHjLGQ,4PM--9PM,
5113083325,JbEMvY,2PM--8PM,
4330308268,ZlTKonSjwG,4PM--9PM,
3357494345,tjqMIvvNtxlPYAPEsB,2PM--8PM,
7542167176,diOKL,4PM--12PM,
0557273900,tVOfVLTQ,1PM--5PM,
9043542975,tjqMIvvNtxlPYAPEsB,4PM--12PM,
0611730543,ImEcCSwpNBBjLuxzkQ,3PM--11PM,
7783782230,qzSQTQImakUPY,3PM--13PM,
3503952577,EIQnqBUjwIxS,3PM--7PM,
8887180467,QsDhvI,2PM--6PM,
4345389820,SGoCjsapEP,3PM--13PM,
9820271239,PAasBYvBr,1PM--9PM,
6591103210,WjpUBVYFy,3PM--6PM,
7021901857,XRtnbKONdDCKGhO,2PM--7PM,
9096566533,qLxhsiLTDCGrMCxNIFoJ,4PM--8PM,
2696884123,yvsxNzBUG,1PM--4PM,
4250150321,FTVpRPv,2PM--11PM,
1501701003,qFZyr,1PM--9PM,
2889663322,nPZeeNQPmHaswXYmQS,2PM--12PM,
1593096769,YtbUcQIVtbFRN,2PM--12PM,
9004564321,vVjjt,4PM--6PM,
6823457960,FSbCFtpGLeu,2PM--5PM,
1499376394,QsDhvI,1PM--11PM,
9557634422,znNiblgEAF,1PM--10PM,
7953968752,mUkZaCztpHVIXTV,2PM--10PM,
3322450263,XAhHVTjjTQFJcMG,3PM--12PM,
7924640543,GEtCTQBuBxHjLGQ,1PM--12PM,
4513352044,qMkSBWbxC,3PM--12PM,
2510626222,cUngxdbxvBlCMrdn,4PM--7PM,
7645348209,ahAzaOlgzskYHm,2PM--6PM,
5211670756,iBaKq,1PM--12PM,
1439241891,GuAMjsGVN,3PM--5PM,
3027072586,mQKBM,3PM--11PM,
7978827945,cUngxdbxvBlCMrdn,3PM--8PM,
4432761199,DkgnmDV,1PM--11PM,
6673651805,WXPCsQIopsQIHw,4PM--6PM,
5491560460,hNfavOCVeivafVmk,2PM--8PM,
4413226564,aHViKlBpV,2PM--11PM,
3480743541,QsDhvI,1PM--11PM,
5916182221,aHViKlBpV,1PM--12PM,
4884511603,GHMrHDaeiC,2PM--13PM,
9170368097,iBaKq,2PM--10PM,
3942733852,mIJDLo,2PM--6PM,
2985702042,zBVBeAKZJ,1PM--13PM,
0012152102,SRuKBSBp,3PM--7PM,
4081203664,qMkSBWbxC,2PM--11PM,
0690045630,GuAMjsGVN,1PM--9PM,
7508623431,tjqMIvvNtxlPYAPEsB,2PM--12PM,
9029742702,mUkZaCztpHVIXTV,3PM--6PM,
3334337252,WjpUBVYFy,3PM--8PM,
7557748917,FCRyIZ,2PM--13PM,
1180478907,iBaKq,3PM--8PM,
7593847112,qLxhsiLTDCGrMCxNIFoJ,2PM--4PM,
4604736246,pdnra,2PM--9PM,
9934638956,tjqMIvvNtxlPYAPEsB,3PM--7PM,
2108328505,XRtnbKONdDCKGhO,4PM--5PM,
7343105391,DuHTDrfngt,3PM--11PM,
1855903966,MVJELwFUqogMx,4PM--13PM,
7852512103,bjFBxlEu,3PM--9PM,
9373914927,XQkoxDNpYnXfX,3PM--4PM,
8522181754,BNHiZsYn,2PM--7PM,
5362311822,GtAhsVIaRzrFpRdFyKu,4PM--9PM,
0631705669,dxCpjqqwUz,3PM--13PM,
6792225948,PAasBYvBr,3PM--7PM,
0140120793,GepHphxGkVGmYJ,1PM--9PM,
3526031682,VLoofM,1PM--10PM,
8356709866,DuHTDrfngt,3PM--8PM,
5447110689,SRuKBSBp,4PM--11PM,
7858688196,UXrEXjkEpnEKPdGPDos,1PM--6PM,
5885652269,PAasBYvBr,3PM--7PM,
7340197516,qLxhsiLTDCGrMCxNIFoJ,3PM--9PM,
1391068318,MRnQNysKkV,3PM--13PM,
8677934181,NdjjugTHnGG,4PM--8PM,
9245665979,pdnra,1PM--11PM,
5192487772,DkgnmDV,3PM--4PM,
0080205352,hGaNlarkleHyZdogWymi,1PM--5PM,
8662674967,ElstokWwsfuj,4PM--12PM,
3398754564,WXPCsQIopsQIHw,3PM--9PM,
1572288345,YTXhp,1PM--9PM,
4234043815,znNiblgEAF,1PM--12PM,
5712101393,qLxhsiLTDCGrMCxNIFoJ,4PM--5PM,
1193313837,ImEcCSwpNBBjLuxzkQ,4PM--11PM,
3854669289,XRtnbKONdDCKGhO,1PM--11PM,
5633507078,cEqJG,3PM--9PM,
6651480472,EIQnqBUjwIxS,1PM--4PM,
5321636192,qFZyr,4PM--8PM,
9276511980,tjqMIvvNtxlPYAPEsB,3PM--5PM,
0684095349,ImEcCSwpNBBjLuxzkQ,4PM--11PM,
0478278832,FTVpRPv,2PM--11PM,
0587808141,MRnQNysKkV,1PM--10PM,
6620351218,cUngxdbxvBlCMrdn,2PM--6PM,
7979359571,rwmsoZ,1PM--13PM,
0999100585,WjpUBVYFy,4PM--5PM,
8594667077,XQkoxDNpYnXfX,3PM--10PM,
3733733075,ntwWEKmcbPeGGV,4PM--11PM,
7259280996,rFEMAicf,3PM--5PM,
9624520330,LOqpHQoEJt,2PM--5PM,
3338142451,cJjtLirPRbzKXQTWfxc,4PM--6PM,
5768323923,qLxhsiLTDCGrMCxNIFoJ,4PM--7PM,
0373656558,YTXhp,2PM--6PM,
4271383474,YTXhp,3PM--7PM,
2243372156,KprmPIOxea,4PM--5PM,
0288405303,DkgnmDV,1PM--13PM,
7579413276,isIlxQggMbzmyWDeS,3PM--10PM,
0451159424,OdROrFvLjhfn,2PM--13PM,
1748365024,XRtnbKONdDCKGhO,3PM--6PM,
3237658623,hNfavOCVeivafVmk,2PM--12PM,
7771304555,bjFBxlEu,1PM--6PM,
1282333053,yvsxNzBUG,2PM--10PM,
6567265727,DkgnmDV,3PM--7PM,
1564672383,PdosmDgiHf,2PM--8PM,
1015718942,ImEcCSwpNBBjLuxzkQ,4PM--4PM,
2736398104,qFZyr,4PM--6PM,
3718304378,JbEMvY,1PM--5PM,
2708672694,GEtCTQBuBxHjLGQ,2PM--10PM,
4410786054,nPZeeNQPmHaswXYmQS,3PM--10PM,
9420299637,aHViKlBpV,2PM--12PM,
2377480638,dxCpjqqwUz,3PM--12PM,
3521965839,RLukQlrxksjRjaYQjoZz,2PM--8PM,
0585487308,aEFWCD,3PM--9PM,
7428994760,MswgVNVjY,3PM--12PM,
3655693665,GEtCTQBuBxHjLGQ,2PM--4PM,
4056808147,dyYqHYWn,1PM--8PM,
7947005111,GGUvjYZmxSTgxhCa,3PM--5PM,
9112498884,FCRyIZ,2PM--5PM,
2721265620,qFZyr,4PM--11PM,
0741428032,PIlFxWMCFMgzWYhpebtP,2PM--12PM,
9657942417,EXsxJQS,4PM--12PM,
3201790557,WcwMNdMaoqOMTFnkd,3PM--10PM,
2715512572,GHMrHDaeiC,4PM--4PM,
3777382066,sgtypZkWoNINUlZd,3PM--6PM,
7922350442,EIQnqBUjwIxS,2PM--6PM,
9687527728,UXrEXjkEpnEKPdGPDos,1PM--10PM,
0121919923,hGaNlarkleHyZdogWymi,2PM--8PM,
8703728976,yvsxNzBUG,4PM--11PM,
6317326575,kJcaAxPMYjvHQnDIIe,3PM--8PM,
9010120703,sgtypZkWoNINUlZd,2PM--8PM,
5491560460,PIlFxWMCFMgzWYhpebtP,1PM--9PM,
8939274930,aUUUnZbWGQXgqa,4PM--8PM,
3992245694,SRuKBSBp,3PM--6PM,
1423372509,DAhmibabDnJwATEbr,4PM--6PM,
7607035413,heQJVn,4PM--7PM,
0725367128,YTXhp,2PM--12PM,
7276178280,FTVpRPv,2PM--11PM,
1329313948,GGUvjYZmxSTgxhCa,2PM--10PM,
8747294489,aHViKlBpV,4PM--11PM,
0792670354,LgMkLnhFuAet,1PM--5PM,
6718548440,KWTdwvIgBmWrY,3PM--11PM,
3122762791,cyBAsWWMXXvUDdt,4PM--9PM,
6799037369,VxpLUTXUXt,1PM--8PM,
6770624431,tUXtZFqgoabz,1PM--10PM,
2801591902,GepHphxGkVGmYJ,1PM--10PM,
3811387748,cJjtLirPRbzKXQTWfxc,1PM--6PM,
4515779485,BNHiZsYn,1PM--4PM,
1512524884,MVJELwFUqogMx,4PM--10PM,
1140151922,cyBAsWWMXXvUDdt,3PM--7PM,
3087702499,GEtCTQBuBxHjLGQ,3PM--7PM,
6692251212,DkgnmDV,2PM--8PM,
7223241512,aHViKlBpV,4PM--10PM,
6524134953,qLxhsiLTDCGrMCxNIFoJ,3PM--11PM,
4217470128,JbEMvY,3PM--7PM,
4785468224,KEenSyCXfojlJTr,3PM--7PM,
6128283863,EXsxJQS,3PM--12PM,
2517304213,ntwWEKmcbPeGGV,4PM--7PM,
0178626844,MbPHymLleVRzlRyPxzp,2PM--11PM,
2227816484,KWTdwvIgBmWrY,2PM--9PM,
8308551190,WcwMNdMaoqOMTFnkd,2PM--11PM,
4407996909,SRuKBSBp,3PM--10PM,
5735778257,cUngxdbxvBlCMrdn,2PM--8PM,
6821257441,rFEMAicf,2PM--13PM,
4496276360,GtAhsVIaRzrFpRdFyKu,2PM--8PM,
0964981304,NdjjugTHnGG,2PM--11PM,
7457219646,VxpLUTXUXt,2PM--7PM,
5218154512,ElstokWwsfuj,2PM--12PM,
1656877119,qFZyr,1PM--10PM,
4574920586,qzSQTQImakUPY,3PM--7PM,
7313029850,hGaNlarkleHyZdogWymi,4PM--13PM,
5001412252,dyYqHYWn,2PM--8PM,
2454931081,bNQVwc,2PM--6PM,
4849883945,YtbUcQIVtbFRN,4PM--12PM,
2691411626,DAhmibabDnJwATEbr,3PM--4PM,
0395246659,GepHphxGkVGmYJ,4PM--6PM,
3951531607,PIlFxWMCFMgzWYhpebtP,3PM--5PM,
9800932037,ciazPsbeywuBYM,3PM--8PM,
4654502243,zBVBeAKZJ,2PM--4PM,
1547516097,RLukQlrxksjRjaYQjoZz,1PM--8PM,
6455470124,GHMrHDaeiC,1PM--12PM,
8786242035,GtAhsVIaRzrFpRdFyKu,2PM--12PM,
2567382049,rFEMAicf,1PM--6PM,
4696707824,heQJVn,1PM--10PM,
7193242699,GepHphxGkVGmYJ,4PM--12PM,
4034435107,WXPCsQIopsQIHw,2PM--5PM,
6846185835,tjqMIvvNtxlPYAPEsB,3PM--8PM,
1409805377,NdjjugTHnGG,4PM--12PM,
9941767588,qMkSBWbxC,2PM--4PM,
4374141518,FUnaI,3PM--11PM,
7046726332,YtbUcQIVtbFRN,2PM--6PM,
4427944903,NdjjugTHnGG,2PM--9PM,
1860884517,FSbCFtpGLeu,4PM--4PM,
5491560460,FSbCFtpGLeu,4PM--9PM,
9008200519,tVOfVLTQ,4PM--5PM,
9221915900,GuAMjsGVN,2PM--12PM,
1572584913,WjpUBVYFy,1PM--13PM,
7721311974,hNfavOCVeivafVmk,3PM--8PM,
4767382486,tjqMIvvNtxlPYAPEsB,2PM--6PM,
9182863269,aEFWCD,1PM--6PM,
6373945644,kJcaAxPMYjvHQnDIIe,3PM--4PM,
0556071226,SWJyatpbHlzSX,2PM--10PM,
9025990443,dyYqHYWn,4PM--10PM,
6688358572,SGoCjsapEP,2PM--13PM,
7064705433,XRtnbKONdDCKGhO,2PM--11PM,
3719957158,QsDhvI,4PM--12PM,
8364141043,GEtCTQBuBxHjLGQ,2PM--5PM,
2771474869,FUnaI,2PM--7PM,
5051580053,JbEMvY,1PM--7PM,
3610957715,JbEMvY,4PM--10PM,
4133084682,DAhmibabDnJwATEbr,3PM--8PM,
6360925548,GuAMjsGVN,2PM--12PM,
3294056227,GtAhsVIaRzrFpRdFyKu,3PM--9PM,
7310550003,NdjjugTHnGG,2PM--6PM,
1077180347,FUnaI,3PM--12PM,
1423372509,iBaKq,1PM--6PM,
9686411254,MbPHymLleVRzlRyPxzp,2PM--6PM,
8630238223,zBVBeAKZJ,4PM--5PM,
1892561609,MVJELwFUqogMx,3PM--6PM,
6846185835,eeKcKFZpMOQTNty,3PM--10PM,
7579413276,nPZeeNQPmHaswXYmQS,3PM--8PM,
8112893134,DuHTDrfngt,1PM--6PM,
0748618748,vIXwFY,2PM--4PM,
7664476628,PAasBYvBr,1PM--9PM,
6916828290,MbPHymLleVRzlRyPxzp,2PM--7PM,
5391182067,KprmPIOxea,3PM--13PM,
6830426566,dyYqHYWn,2PM--6PM,
8507199321,VLoofM,1PM--9PM,
3795421695,tVOfVLTQ,2PM--8PM,
1023383686,GHMrHDaeiC,3PM--12PM,
7808949929,nPZeeNQPmHaswXYmQS,3PM--12PM,
7309126823,YtbUcQIVtbFRN,2PM--11PM,
3388812789,MRnQNysKkV,4PM--7PM,
7097314583,vVjjt,3PM--5PM,
9477511341,BNHiZsYn,4PM--6PM,
7525323332,cMYudMPX,1PM--9PM,
0499548030,SGoCjsapEP,2PM--11PM,
0395023366,GtAhsVIaRzrFpRdFyKu,2PM--8PM,
0865086355,pdnra,3PM--9PM,
1306859011,KWTdwvIgBmWrY,4PM--12PM,
2360484332,qzSQTQImakUPY,2PM--12PM,
9000675975,SwUwIrksArHxRbOtsNv,4PM--11PM,
7187842932,FTVpRPv,3PM--5PM,
7946309017,isIlxQggMbzmyWDeS,3PM--12PM,
